Atomtypes,Cuttoff,Ncliques,Distance,Median(Score),LDA,SUC,SAM,LLP,U5P,1PE,GSH,PMP,PLM,BOG,Mean
CA_ACC_DON_GRE,2.5,5,6,SrelScore05,0.7105709877,0.625308642,0.7882716049,0.9416666667,0.6486111111,0.6790895062,0.9304012346,0.9175925926,0.7314814815,0.549845679,0.7522839506
CA_ACC_DON_GRE,3.5,5,6,SrelScore05,0.7037037037,0.662962963,0.7863425926,0.9552469136,0.6514660494,0.662191358,0.9392746914,0.9043209877,0.7608796296,0.4867283951,0.7513117284
CA_ACC_DON_GRE,1.5,5,6,SrelScore08,0.7195216049,0.6317901235,0.7388888889,0.8939814815,0.7040895062,0.699382716,0.9003858025,0.9453703704,0.6546296296,0.613117284,0.7501157407
CA_ACC_DON_GRE,1.5,5,6,Srel,0.7031635802,0.6094135802,0.7405864198,0.8919753086,0.7212962963,0.6926697531,0.9019290123,0.9422839506,0.6491512346,0.6171296296,0.7469598765
CA_ACC_DON_GRE,1.5,5,6,Tanimoto,0.7031635802,0.6094135802,0.7405864198,0.8919753086,0.7212962963,0.6926697531,0.9019290123,0.9422839506,0.6491512346,0.6171296296,0.7469598765
CA_ACC_DON_GRE,3,5,6,SrelScore05,0.7108796296,0.6231481481,0.7916666667,0.9484567901,0.6685185185,0.6560185185,0.9418981481,0.9232253086,0.7148919753,0.4825617284,0.7461265432
CA_ACC_DON_GRE,2.5,5,6,SrelScore08,0.6833333333,0.6051697531,0.8054012346,0.9441358025,0.6787808642,0.6826388889,0.925462963,0.9172839506,0.6668209877,0.5491512346,0.7458179012
CA_ACC_DON_GRE,3.5,5,6,SrelScore08,0.6875771605,0.6305555556,0.799845679,0.9594135802,0.6600308642,0.668441358,0.9442901235,0.9016975309,0.7098765432,0.4925925926,0.7454320988
CA_ACC_DON_GRE,1.5,5,6,SrelScore05,0.7218364198,0.6461419753,0.7441358025,0.8865740741,0.6511574074,0.6891203704,0.8946759259,0.9489197531,0.6670524691,0.5941358025,0.744375
CA_ACC_DON_GRE,2.5,5,6,Srel,0.6707561728,0.593441358,0.8111111111,0.9422839506,0.6774691358,0.6772376543,0.9266975309,0.9155864198,0.6476080247,0.5500771605,0.7412268519
CA_ACC_DON_GRE,2.5,5,6,Tanimoto,0.6707561728,0.593441358,0.8111111111,0.9422839506,0.6774691358,0.6772376543,0.9266975309,0.9155864198,0.6476080247,0.5500771605,0.7412268519
CA_ACC_DON_GRE,3.5,5,6,Srel,0.6770061728,0.6111111111,0.7996141975,0.9591049383,0.6586419753,0.6677469136,0.9456790123,0.9023148148,0.6939814815,0.4898148148,0.7405015432
CA_ACC_DON_GRE,3.5,5,6,Tanimoto,0.6770061728,0.6111111111,0.7996141975,0.9591049383,0.6586419753,0.6677469136,0.9456790123,0.9023148148,0.6939814815,0.4898148148,0.7405015432
CA_ACC_DON_GRE,3,5,6,SrelScore08,0.6844907407,0.5899691358,0.8103395062,0.9516975309,0.6744598765,0.6628858025,0.938117284,0.9104938272,0.6865740741,0.4831790123,0.739220679
CA_ACC_DON,1.5,5,6,Srel,0.7729166667,0.5472222222,0.7819444444,0.8708333333,0.7179012346,0.662037037,0.8955246914,0.9016975309,0.5450617284,0.674382716,0.7369521605
CA_ACC_DON,1.5,5,6,Tanimoto,0.7729166667,0.5472222222,0.7819444444,0.8708333333,0.7179012346,0.662037037,0.8955246914,0.9016975309,0.5450617284,0.674382716,0.7369521605
CA_ACC_DON_GRE,2,5,6,SrelScore08,0.7101080247,0.5614969136,0.7804012346,0.9202160494,0.6605709877,0.6523919753,0.9293209877,0.925617284,0.661882716,0.5569444444,0.7358950617
CA_ACC_DON_GRE,3,5,6,Srel,0.6722222222,0.5727623457,0.8157407407,0.9522376543,0.6784722222,0.6645833333,0.9358796296,0.9058641975,0.6749228395,0.4847993827,0.7357484568
CA_ACC_DON_GRE,3,5,6,Tanimoto,0.6722222222,0.5727623457,0.8157407407,0.9522376543,0.6784722222,0.6645833333,0.9358796296,0.9058641975,0.6749228395,0.4847993827,0.7357484568
CA_ACC_DON_GRE,2,5,6,Srel,0.7084104938,0.5465277778,0.7887345679,0.9214506173,0.6770061728,0.6465277778,0.9273148148,0.9274691358,0.6449074074,0.5632716049,0.735162037
CA_ACC_DON_GRE,2,5,6,Tanimoto,0.7084104938,0.5465277778,0.7887345679,0.9214506173,0.6770061728,0.6465277778,0.9273148148,0.9274691358,0.6449074074,0.5632716049,0.735162037
CA_ACC_DON,1.5,5,6,SrelScore08,0.7635030864,0.5520061728,0.7816358025,0.8800925926,0.7018518519,0.6554012346,0.8906635802,0.899537037,0.5423611111,0.668441358,0.7335493827
CA_ACC_DON_GRE,2,5,6,SrelScore05,0.7134259259,0.5911265432,0.7577160494,0.9186728395,0.6101851852,0.6419753086,0.931558642,0.9209876543,0.7033950617,0.5411265432,0.7330169753
CA_ACC_DON,2,5,6,SrelScore08,0.6558641975,0.5757716049,0.800617284,0.9198302469,0.6875771605,0.5734567901,0.9327160494,0.8908950617,0.5387345679,0.6270833333,0.7202546296
CA_ACC_DON,1.5,5,6,SrelScore05,0.7132716049,0.5823302469,0.7728395062,0.8941358025,0.6583333333,0.6178240741,0.8877314815,0.8921296296,0.5502314815,0.6298611111,0.7198688272
CA_ACC_DON,2,5,6,SrelScore05,0.6329475309,0.5825617284,0.8078703704,0.9188271605,0.6790895062,0.5517746914,0.930941358,0.8896604938,0.587808642,0.6155864198,0.7197067901
CA_ACC_DON,2,5,6,Srel,0.6649691358,0.5666666667,0.7978395062,0.9175925926,0.681712963,0.574691358,0.9275462963,0.8913580247,0.518132716,0.6279320988,0.7168441358
CA_ACC_DON,2,5,6,Tanimoto,0.6649691358,0.5666666667,0.7978395062,0.9175925926,0.681712963,0.574691358,0.9275462963,0.8913580247,0.518132716,0.6279320988,0.7168441358
CA_ACC_DON,2.5,5,6,SrelScore08,0.5442901235,0.6109567901,0.8380401235,0.9283950617,0.6694444444,0.4988425926,0.9392746914,0.8907407407,0.5593364198,0.6395061728,0.711882716
CA_ACC_DON,2.5,5,6,SrelScore05,0.544058642,0.6391975309,0.830632716,0.9280864198,0.6610339506,0.4849537037,0.9414351852,0.8895061728,0.5643518519,0.6285493827,0.7111805556
CA_ACC_DON,2.5,5,6,Srel,0.5408179012,0.5932098765,0.8374228395,0.9299382716,0.6645833333,0.5032407407,0.9339506173,0.8902777778,0.5530864198,0.6425154321,0.708904321
CA_ACC_DON,2.5,5,6,Tanimoto,0.5408179012,0.5932098765,0.8374228395,0.9299382716,0.6645833333,0.5032407407,0.9339506173,0.8902777778,0.5530864198,0.6425154321,0.708904321
ACC_DON_GRE,1.5,5,6,SrelScore05,0.662191358,0.6727623457,0.7523148148,0.9162037037,0.5702160494,0.5830246914,0.8766975309,0.9300925926,0.6524691358,0.4665895062,0.7082561728
CA_GRE,2,5,6,SrelScore05,0.6910493827,0.6398919753,0.7961419753,0.7335648148,0.6074074074,0.6500771605,0.7101851852,0.9342592593,0.713117284,0.5425925926,0.7018287037
ACC_DON_GRE,2.5,5,6,SrelScore05,0.5923611111,0.7069444444,0.7069444444,0.9207561728,0.5835648148,0.5653549383,0.9179783951,0.8929012346,0.6892746914,0.4319444444,0.7008024691
ACC_DON_GRE,3,5,6,SrelScore05,0.574845679,0.6770061728,0.6944444444,0.9391203704,0.5924382716,0.5702932099,0.918132716,0.8889660494,0.693132716,0.4500771605,0.699845679
ACC_DON_GRE,1.5,5,6,SrelScore08,0.6344135802,0.68125,0.7486882716,0.9177469136,0.5778549383,0.5679783951,0.8828703704,0.9351080247,0.5963734568,0.4558641975,0.6998148148
CA_GRE,2,5,6,SrelScore08,0.6889660494,0.6487654321,0.8160493827,0.7454475309,0.5803240741,0.6696759259,0.6840277778,0.9358024691,0.6587191358,0.5482253086,0.6976003086
CA_ACC_DON,3,5,6,SrelScore05,0.4877314815,0.6476080247,0.8277777778,0.9425925926,0.6894290123,0.4706790123,0.9466820988,0.8919753086,0.4963734568,0.5569444444,0.695779321
ACC_DON_GRE,1.5,5,6,Srel,0.618132716,0.6731481481,0.7419753086,0.9132716049,0.5798611111,0.563117284,0.8768518519,0.9353395062,0.5821759259,0.4587962963,0.6942669753
ACC_DON_GRE,1.5,5,6,Tanimoto,0.618132716,0.6731481481,0.7419753086,0.9132716049,0.5798611111,0.563117284,0.8768518519,0.9353395062,0.5821759259,0.4587962963,0.6942669753
CA_ACC_DON,3,5,6,SrelScore08,0.4783950617,0.6362654321,0.8266203704,0.9510802469,0.6807098765,0.4527006173,0.9521604938,0.8913580247,0.4920524691,0.5749228395,0.6936265432
ACC_DON_GRE,2,5,6,SrelScore05,0.5676697531,0.6907407407,0.6829475309,0.9100308642,0.5730709877,0.5477623457,0.893441358,0.9078703704,0.6783950617,0.4805555556,0.6932484568
ACC_DON_GRE,2.5,5,6,SrelScore08,0.5549382716,0.7226080247,0.6979938272,0.9331790123,0.5624228395,0.5614197531,0.9069444444,0.8833333333,0.6643518519,0.443904321,0.6931095679
CA_GRE,2.5,5,6,SrelScore05,0.6914351852,0.5824845679,0.7841049383,0.7792438272,0.5192901235,0.6817901235,0.7192901235,0.931404321,0.7176697531,0.5212191358,0.6927932099
CA_GRE,3,5,6,SrelScore08,0.6453703704,0.5782407407,0.7840277778,0.8013888889,0.5581790123,0.7104166667,0.6978395062,0.930632716,0.6942901235,0.5271604938,0.6927546296
ACC_DON_GRE,3.5,5,6,SrelScore05,0.61875,0.6590277778,0.6828703704,0.9351080247,0.5158950617,0.588117284,0.8956018519,0.8841049383,0.6664351852,0.4704475309,0.6916358025
CA_GRE,3,5,6,SrelScore05,0.643132716,0.563117284,0.7903549383,0.7936728395,0.5107253086,0.6964506173,0.7402777778,0.9272376543,0.7199074074,0.530941358,0.6915817901
CA_GRE,3.5,5,6,SrelScore05,0.6586419753,0.54375,0.7530092593,0.7721450617,0.5591820988,0.6890432099,0.7345679012,0.9485339506,0.725308642,0.5216820988,0.6905864198
CA_ACC_DON,3,5,6,Srel,0.474845679,0.6231481481,0.8270061728,0.9528549383,0.6682098765,0.4404320988,0.950308642,0.8910493827,0.494058642,0.5827160494,0.690462963
CA_ACC_DON,3,5,6,Tanimoto,0.474845679,0.6231481481,0.8270061728,0.9528549383,0.6682098765,0.4404320988,0.950308642,0.8910493827,0.494058642,0.5827160494,0.690462963
CA_ACC_DON,3.5,5,6,SrelScore05,0.443441358,0.6561728395,0.7882716049,0.9601851852,0.6713734568,0.4381944444,0.950617284,0.8902777778,0.5046296296,0.5969135802,0.690007716
CA_GRE,3,5,6,Srel,0.6453703704,0.5816358025,0.7721450617,0.8054012346,0.5728395062,0.7057098765,0.680632716,0.9292438272,0.6775462963,0.5219135802,0.6892438272
CA_GRE,3,5,6,Tanimoto,0.6453703704,0.5816358025,0.7721450617,0.8054012346,0.5728395062,0.7057098765,0.680632716,0.9292438272,0.6775462963,0.5219135802,0.6892438272
ACC_DON_GRE,3,5,6,SrelScore08,0.5400462963,0.662962963,0.680632716,0.9461419753,0.5932098765,0.5701388889,0.9045524691,0.8836419753,0.6682098765,0.4408950617,0.6890432099
CA_GRE,2,5,6,Srel,0.6833333333,0.6395833333,0.8090277778,0.7476080247,0.5706018519,0.6703703704,0.662808642,0.937345679,0.6241512346,0.5371141975,0.6881944444
CA_GRE,2,5,6,Tanimoto,0.6833333333,0.6395833333,0.8090277778,0.7476080247,0.5706018519,0.6703703704,0.662808642,0.937345679,0.6241512346,0.5371141975,0.6881944444
CA_ACC_DON,3.5,5,6,SrelScore08,0.4433641975,0.6199845679,0.7935185185,0.9683641975,0.6814814815,0.4387345679,0.956712963,0.8907407407,0.4924382716,0.5871141975,0.6872453704
CA_ACC_DON,3.5,5,6,Srel,0.4433641975,0.6066358025,0.7957561728,0.96875,0.6886574074,0.438117284,0.9604938272,0.8905864198,0.4852623457,0.5889660494,0.6866589506
CA_ACC_DON,3.5,5,6,Tanimoto,0.4433641975,0.6066358025,0.7957561728,0.96875,0.6886574074,0.438117284,0.9604938272,0.8905864198,0.4852623457,0.5889660494,0.6866589506
ACC_DON_GRE,2.5,5,6,Srel,0.5406635802,0.7237654321,0.6888117284,0.9371141975,0.5585648148,0.5549382716,0.9012345679,0.8804783951,0.643287037,0.4375,0.6866358025
ACC_DON_GRE,2.5,5,6,Tanimoto,0.5406635802,0.7237654321,0.6888117284,0.9371141975,0.5585648148,0.5549382716,0.9012345679,0.8804783951,0.643287037,0.4375,0.6866358025
ACC_DON_GRE,2,5,6,SrelScore08,0.5347222222,0.6827160494,0.6841049383,0.9196759259,0.5977623457,0.5388117284,0.8927469136,0.8986111111,0.624691358,0.4797067901,0.6853549383
ACC_DON_GRE,3.5,5,6,SrelScore08,0.587037037,0.6290895062,0.6984567901,0.9460648148,0.5260030864,0.5635802469,0.8936728395,0.8795524691,0.6344907407,0.4867283951,0.6844675926
CA_GRE,2.5,5,6,SrelScore08,0.6770061728,0.5855709877,0.7892746914,0.8000771605,0.4961419753,0.6735339506,0.6785493827,0.9279320988,0.6864197531,0.5198302469,0.683433642
CA_GRE,3.5,5,6,SrelScore08,0.6510802469,0.5574845679,0.7354166667,0.7845679012,0.563117284,0.7033179012,0.706867284,0.9377314815,0.6983024691,0.4953703704,0.6833256173
ACC_DON_GRE,3,5,6,Srel,0.5253858025,0.6652006173,0.6759259259,0.944367284,0.5845679012,0.5663580247,0.8987654321,0.8834876543,0.6462962963,0.4400462963,0.6830401235
ACC_DON_GRE,3,5,6,Tanimoto,0.5253858025,0.6652006173,0.6759259259,0.944367284,0.5845679012,0.5663580247,0.8987654321,0.8834876543,0.6462962963,0.4400462963,0.6830401235
CA_ACC_DON_GRE,1.5,5,6,SOScore08,0.6417438272,0.5851080247,0.6605709877,0.7384259259,0.7054783951,0.6529320988,0.8350308642,0.9611111111,0.5499228395,0.4918981481,0.6822222222
ACC_DON,2,5,6,SrelScore05,0.4458333333,0.6419753086,0.7802469136,0.9206790123,0.6880401235,0.5097222222,0.9131944444,0.8540123457,0.5410493827,0.5176697531,0.681242284
ACC_DON_GRE,2,5,6,Srel,0.512654321,0.6753858025,0.6832561728,0.9212191358,0.600308642,0.5321759259,0.8892746914,0.8949074074,0.6156635802,0.4793981481,0.6804243827
ACC_DON_GRE,2,5,6,Tanimoto,0.512654321,0.6753858025,0.6832561728,0.9212191358,0.600308642,0.5321759259,0.8892746914,0.8949074074,0.6156635802,0.4793981481,0.6804243827
CA_GRE,3.5,5,6,Srel,0.6388888889,0.575154321,0.7287808642,0.7893518519,0.5630401235,0.7031635802,0.687654321,0.9299382716,0.687345679,0.4902777778,0.6793595679
CA_GRE,3.5,5,6,Tanimoto,0.6388888889,0.575154321,0.7287808642,0.7893518519,0.5630401235,0.7031635802,0.687654321,0.9299382716,0.687345679,0.4902777778,0.6793595679
CA_ACC_DON_GRE,1.5,5,6,SO,0.6313271605,0.5683641975,0.6592592593,0.7294753086,0.7175154321,0.6493055556,0.8375,0.9586419753,0.5449845679,0.4962191358,0.6792592593
ACC_DON,1.5,5,6,SrelScore08,0.524845679,0.6201388889,0.7474537037,0.8869598765,0.6836419753,0.5740740741,0.8779320988,0.8366512346,0.4695987654,0.5695987654,0.6790895062
CA_ACC_DON_GRE,1.5,5,6,SOScore05,0.6351851852,0.5772376543,0.6718364198,0.7549382716,0.6658950617,0.6468364198,0.8360339506,0.9589506173,0.5783950617,0.4638888889,0.6789197531
ACC_DON_GRE,3.5,5,6,Srel,0.56875,0.6196759259,0.6988425926,0.943904321,0.5328703704,0.5482253086,0.8891203704,0.8752314815,0.6214506173,0.4891975309,0.6787268519
ACC_DON_GRE,3.5,5,6,Tanimoto,0.56875,0.6196759259,0.6988425926,0.943904321,0.5328703704,0.5482253086,0.8891203704,0.8752314815,0.6214506173,0.4891975309,0.6787268519
ACC_DON,1.5,5,6,Srel,0.5083333333,0.599537037,0.7445216049,0.8854938272,0.6767746914,0.5861882716,0.8813271605,0.8353395062,0.4719907407,0.5845679012,0.6774074074
ACC_DON,1.5,5,6,Tanimoto,0.5083333333,0.599537037,0.7445216049,0.8854938272,0.6767746914,0.5861882716,0.8813271605,0.8353395062,0.4719907407,0.5845679012,0.6774074074
CA_GRE,2.5,5,6,Srel,0.66875,0.5910493827,0.7821759259,0.8086419753,0.4976851852,0.6783950617,0.6555555556,0.9226080247,0.6575617284,0.5081790123,0.6770601852
CA_GRE,2.5,5,6,Tanimoto,0.66875,0.5910493827,0.7821759259,0.8086419753,0.4976851852,0.6783950617,0.6555555556,0.9226080247,0.6575617284,0.5081790123,0.6770601852
CA,3.5,5,6,SrelScore05,0.5,0.5533950617,0.8536265432,0.8756944444,0.7607253086,0.4969135802,0.7462962963,0.8699074074,0.6,0.5131944444,0.6769753086
CA,2.5,5,6,SrelScore08,0.5,0.556095679,0.8415123457,0.8836419753,0.7654320988,0.499382716,0.7358024691,0.874691358,0.5782407407,0.5334876543,0.6768287037
ACC_DON,1.5,5,6,SrelScore05,0.5168209877,0.6591820988,0.7574845679,0.8835648148,0.6655864198,0.562345679,0.8578703704,0.8324074074,0.494367284,0.5369598765,0.6766589506
CA,3.5,5,6,SrelScore08,0.5,0.555787037,0.8601080247,0.8731481481,0.7630401235,0.4972993827,0.7268518519,0.8695987654,0.5830246914,0.5299382716,0.6758796296
CA,3,5,6,SrelScore05,0.5,0.5535493827,0.8465277778,0.8617283951,0.7522376543,0.4969135802,0.7511574074,0.8699074074,0.5956018519,0.5243055556,0.6751929012
CA,2.5,5,6,Srel,0.5,0.556712963,0.8364197531,0.8716049383,0.7719135802,0.499691358,0.7226851852,0.8759259259,0.5789351852,0.5307098765,0.6744598765
CA,2.5,5,6,Tanimoto,0.5,0.556712963,0.8364197531,0.8716049383,0.7719135802,0.499691358,0.7226851852,0.8759259259,0.5789351852,0.5307098765,0.6744598765
CA,3,5,6,SrelScore08,0.5,0.555787037,0.8551697531,0.8646604938,0.7499228395,0.4972993827,0.7316358025,0.8720679012,0.5830246914,0.5321759259,0.6741743827
CA_ACC_DON_GRE,2.5,5,6,SOScore05,0.6006944444,0.5482253086,0.675462963,0.7960648148,0.6680555556,0.5887345679,0.8820987654,0.9320216049,0.6492283951,0.3914351852,0.6732021605
CA,3.5,5,6,Srel,0.5,0.5564814815,0.8525462963,0.8675925926,0.7545524691,0.4975308642,0.7162037037,0.8694444444,0.581558642,0.5316358025,0.6727546296
CA,3.5,5,6,Tanimoto,0.5,0.5564814815,0.8525462963,0.8675925926,0.7545524691,0.4975308642,0.7162037037,0.8694444444,0.581558642,0.5316358025,0.6727546296
CA,3,5,6,Srel,0.5,0.5564814815,0.8561728395,0.8550154321,0.7516975309,0.4975308642,0.7206790123,0.8725308642,0.581558642,0.5325617284,0.6724228395
CA,3,5,6,Tanimoto,0.5,0.5564814815,0.8561728395,0.8550154321,0.7516975309,0.4975308642,0.7206790123,0.8725308642,0.581558642,0.5325617284,0.6724228395
CA,2.5,5,6,SrelScore05,0.5,0.5540895062,0.8229938272,0.8739197531,0.7509259259,0.4989197531,0.7479938272,0.8711419753,0.5685185185,0.5252314815,0.6713734568
CA_ACC_DON_GRE,2,5,6,SOScore05,0.5847993827,0.5358796296,0.6850308642,0.786882716,0.6609567901,0.5780092593,0.8747685185,0.9486111111,0.6216049383,0.4355709877,0.6712114198
CA_ACC_DON_GRE,3,5,6,SOScore05,0.6202160494,0.5888117284,0.6608796296,0.7847222222,0.6792438272,0.5760802469,0.8858796296,0.9336419753,0.6111882716,0.3636574074,0.6704320988
ACC_DON,2,5,6,SrelScore08,0.449691358,0.6185185185,0.7667438272,0.9157407407,0.68125,0.5298611111,0.912037037,0.8469907407,0.4777777778,0.5013117284,0.669992284
CA,2,5,6,Srel,0.5,0.556558642,0.800462963,0.8012345679,0.7742283951,0.5,0.7487654321,0.8845679012,0.5720679012,0.5462962963,0.6684182099
CA,2,5,6,Tanimoto,0.5,0.556558642,0.800462963,0.8012345679,0.7742283951,0.5,0.7487654321,0.8845679012,0.5720679012,0.5462962963,0.6684182099
CA_GRE,1.5,5,6,SrelScore05,0.6753858025,0.6279320988,0.6347222222,0.687191358,0.6078703704,0.6533950617,0.680941358,0.9588734568,0.6205246914,0.531558642,0.6678395062
CA_ACC_DON_GRE,2,5,6,SOScore08,0.5808641975,0.5111111111,0.6824074074,0.7831790123,0.6825617284,0.5912037037,0.8732253086,0.9405864198,0.5829475309,0.4467592593,0.6674845679
CA_ACC_DON_GRE,2,5,6,SO,0.5808641975,0.506095679,0.6821759259,0.781095679,0.6912037037,0.5862654321,0.8744598765,0.9417438272,0.5689814815,0.4533950617,0.6666280864
CA,2,5,6,SrelScore08,0.5,0.555941358,0.800308642,0.8021604938,0.7537037037,0.5,0.7445987654,0.8837962963,0.5689814815,0.544212963,0.6653703704
CA_ACC_DON_GRE,3,5,6,SOScore08,0.5857253086,0.5670524691,0.6648148148,0.7912037037,0.6875771605,0.581095679,0.8918981481,0.9310185185,0.5911265432,0.3614969136,0.6653009259
CA_ACC_DON_GRE,3.5,5,6,SOScore05,0.625617284,0.5765432099,0.6406635802,0.7643518519,0.6522376543,0.5854166667,0.8867283951,0.9146604938,0.6478395062,0.3550154321,0.6649074074
ACC_DON,2.5,5,6,SrelScore05,0.4197530864,0.6152777778,0.76875,0.9256944444,0.6515432099,0.4867283951,0.9275462963,0.8361111111,0.4599537037,0.5569444444,0.6648302469
ACC_DON,2,5,6,Srel,0.4411265432,0.6008487654,0.7600308642,0.9138117284,0.6842592593,0.5367283951,0.9052469136,0.8390432099,0.4422839506,0.506404321,0.6629783951
ACC_DON,2,5,6,Tanimoto,0.4411265432,0.6008487654,0.7600308642,0.9138117284,0.6842592593,0.5367283951,0.9052469136,0.8390432099,0.4422839506,0.506404321,0.6629783951
CA_ACC_DON_GRE,3,5,6,SO,0.5744598765,0.5538580247,0.6664351852,0.7899691358,0.6885802469,0.5830246914,0.8916666667,0.9286265432,0.5895833333,0.3635030864,0.662970679
CA_ACC_DON_GRE,2.5,5,6,SOScore08,0.5741512346,0.5275462963,0.6774691358,0.7945216049,0.6679012346,0.5645061728,0.8901234568,0.9345679012,0.6179783951,0.3762345679,0.6625
CA_ACC_DON_GRE,2.5,5,6,SO,0.5758487654,0.5206018519,0.6770061728,0.794367284,0.6746141975,0.555941358,0.8886574074,0.9374228395,0.6011574074,0.375462963,0.6601080247
CA,1.5,5,6,SrelScore08,0.5,0.5547067901,0.7574074074,0.7952932099,0.7345679012,0.5,0.7461419753,0.8927469136,0.5731481481,0.5421296296,0.6596141975
CA,2,5,6,SrelScore05,0.5,0.5540895062,0.8055555556,0.8310185185,0.6984567901,0.5,0.736882716,0.8776234568,0.5591820988,0.530632716,0.6593441358
CA_ACC_DON_GRE,3.5,5,6,SOScore08,0.5901234568,0.5598765432,0.6377314815,0.762037037,0.675308642,0.5658950617,0.8901234568,0.9219907407,0.6197530864,0.3611111111,0.6583950617
CA,1.5,5,6,Srel,0.5,0.5528549383,0.7532407407,0.7770061728,0.7484567901,0.5,0.7390432099,0.8944444444,0.5709876543,0.5398919753,0.6575925926
CA,1.5,5,6,Tanimoto,0.5,0.5528549383,0.7532407407,0.7770061728,0.7484567901,0.5,0.7390432099,0.8944444444,0.5709876543,0.5398919753,0.6575925926
ACC_DON,3,5,6,SrelScore05,0.3574845679,0.6515432099,0.7915895062,0.937962963,0.6778549383,0.4790895062,0.9296296296,0.8350308642,0.3925154321,0.5223765432,0.657507716
CA_GRE,1.5,5,6,SrelScore08,0.675462963,0.6386574074,0.6385802469,0.6456790123,0.5739197531,0.6427469136,0.6753858025,0.9573302469,0.5732253086,0.5349537037,0.6555941358
CA_ACC_DON_GRE,3.5,5,6,SO,0.5738425926,0.550154321,0.6362654321,0.7581018519,0.6867283951,0.5582561728,0.8894290123,0.9233024691,0.6147376543,0.3597993827,0.6550617284
ACC_DON,2.5,5,6,SrelScore08,0.3950617284,0.6097222222,0.7639660494,0.9314814815,0.6682098765,0.4803240741,0.9291666667,0.8102623457,0.4346450617,0.524537037,0.6547376543
CA,1.5,5,6,SrelScore05,0.5,0.5537808642,0.7538580247,0.8157407407,0.6787037037,0.5,0.7482253086,0.8862654321,0.574382716,0.530941358,0.6541898148
ACC_DON,3,5,6,SrelScore08,0.3516975309,0.6483024691,0.7695987654,0.9391203704,0.669367284,0.499382716,0.9285493827,0.8267746914,0.3724537037,0.5273919753,0.6532638889
ACC_DON_GRE,3,5,6,GO,0.6519290123,0.5706790123,0.6547839506,0.7290123457,0.5414351852,0.5867283951,0.7622685185,0.8265432099,0.6915123457,0.493904321,0.6508796296
ACC_DON,3,5,6,Srel,0.3469907407,0.6463734568,0.7654320988,0.9361111111,0.6680555556,0.4978395062,0.9236111111,0.8207561728,0.3706018519,0.5256944444,0.6501466049
ACC_DON,3,5,6,Tanimoto,0.3469907407,0.6463734568,0.7654320988,0.9361111111,0.6680555556,0.4978395062,0.9236111111,0.8207561728,0.3706018519,0.5256944444,0.6501466049
ACC_DON,3.5,5,6,SrelScore05,0.3476080247,0.6445987654,0.7763117284,0.9266975309,0.6530092593,0.4494598765,0.9172839506,0.8378858025,0.4449074074,0.4963734568,0.6494135802
CA_GRE,1.5,5,6,Srel,0.6715277778,0.643287037,0.630787037,0.6262345679,0.5523919753,0.6300925926,0.6797067901,0.956712963,0.5439814815,0.5576388889,0.6492361111
CA_GRE,1.5,5,6,Tanimoto,0.6715277778,0.643287037,0.630787037,0.6262345679,0.5523919753,0.6300925926,0.6797067901,0.956712963,0.5439814815,0.5576388889,0.6492361111
CA,3.5,5,6,SOScore05,0.4904320988,0.5422839506,0.7733796296,0.7832561728,0.7746141975,0.4932098765,0.7010030864,0.824382716,0.5947530864,0.5016203704,0.6478935185
ACC_DON,2.5,5,6,Srel,0.3783179012,0.6010802469,0.7594135802,0.9300154321,0.6736882716,0.4721450617,0.9272376543,0.7920524691,0.4305555556,0.5082561728,0.6472762346
ACC_DON,2.5,5,6,Tanimoto,0.3783179012,0.6010802469,0.7594135802,0.9300154321,0.6736882716,0.4721450617,0.9272376543,0.7920524691,0.4305555556,0.5082561728,0.6472762346
ACC_DON_GRE,3.5,5,6,GO,0.6635802469,0.6168981481,0.6207561728,0.7400462963,0.5094907407,0.5467592593,0.7834876543,0.7949845679,0.7098765432,0.4667438272,0.6452623457
ACC_DON,3.5,5,6,SrelScore08,0.3313271605,0.6385030864,0.7602623457,0.9313271605,0.6616512346,0.4746141975,0.9236111111,0.8215277778,0.4023148148,0.5022376543,0.6447376543
ACC_DON_GRE,2,5,6,SOScore05,0.5334876543,0.744367284,0.6174382716,0.7571759259,0.5728395062,0.4679012346,0.8638888889,0.9140432099,0.6040123457,0.3722222222,0.6447376543
ACC_DON_GRE,1.5,5,6,SOScore05,0.5978395062,0.6430555556,0.6648919753,0.7655092593,0.6081790123,0.4949074074,0.8337191358,0.9271604938,0.5405092593,0.3710648148,0.644683642
CA_GRE,2.5,5,6,SOScore05,0.7198302469,0.4594135802,0.6712962963,0.7226851852,0.625462963,0.5808641975,0.7033179012,0.9022376543,0.5724537037,0.4668209877,0.6424382716
CA,1.5,5,6,aaScore08,0.4867283951,0.5508487654,0.7834876543,0.837808642,0.6987654321,0.5,0.6787037037,0.8047839506,0.568132716,0.5145061728,0.6423765432
ACC_DON_GRE,2.5,5,6,GO,0.5959876543,0.5983024691,0.6522376543,0.6554012346,0.569058642,0.5439814815,0.7797839506,0.8115740741,0.712037037,0.4952932099,0.6413657407
CA,3,5,6,SOScore05,0.4898148148,0.5422839506,0.744212963,0.7804012346,0.7625,0.4932098765,0.6988425926,0.8216049383,0.5730709877,0.5022376543,0.6408179012
ACC_DON_GRE,1.5,5,6,GO,0.6672839506,0.5713734568,0.6866512346,0.6458333333,0.5616512346,0.5869598765,0.7347993827,0.7459876543,0.6869598765,0.5165895062,0.6404089506
CA,2,5,6,aaScore08,0.5,0.5521604938,0.7966049383,0.8027777778,0.725,0.5,0.6547067901,0.762654321,0.5992283951,0.5077932099,0.6400925926
CA,3.5,5,6,SOScore08,0.4899691358,0.5420524691,0.7372685185,0.7734567901,0.7795524691,0.4915123457,0.6791666667,0.8189814815,0.5853395062,0.5030092593,0.6400308642
CA,2.5,5,6,SOScore05,0.4928240741,0.5425925926,0.7506944444,0.7798611111,0.7454475309,0.4945987654,0.7116512346,0.8239197531,0.5499228395,0.5020833333,0.6393595679
ACC_DON,3.5,5,6,Srel,0.3235339506,0.6236882716,0.7497685185,0.9311728395,0.6581790123,0.4833333333,0.9234567901,0.8039351852,0.3905092593,0.5049382716,0.6392515432
ACC_DON,3.5,5,6,Tanimoto,0.3235339506,0.6236882716,0.7497685185,0.9311728395,0.6581790123,0.4833333333,0.9234567901,0.8039351852,0.3905092593,0.5049382716,0.6392515432
ACC_DON_GRE,2.5,5,6,SOScore05,0.5175925926,0.7851080247,0.6086419753,0.7222222222,0.6092592593,0.4688271605,0.8729938272,0.8912037037,0.5793981481,0.3172839506,0.6372530864
CA,2.5,5,6,SOScore08,0.4929783951,0.5427469136,0.744058642,0.7554783951,0.7733796296,0.4930555556,0.6817901235,0.8212962963,0.5545524691,0.5019290123,0.6361265432
CA_GRE,3.5,5,6,SOScore05,0.7158179012,0.4188271605,0.6341049383,0.7083333333,0.6340277778,0.6074845679,0.7104166667,0.8968364198,0.5779320988,0.456712963,0.6360493827
CA_GRE,2.5,5,6,GO,0.6003858025,0.5038580247,0.6285493827,0.6461419753,0.5660493827,0.5666666667,0.8293209877,0.7640432099,0.6916666667,0.5614197531,0.6358101852
CA,1.5,5,6,aaScore05,0.487345679,0.5476851852,0.7850308642,0.7956790123,0.7060185185,0.5,0.6706790123,0.7788580247,0.5671296296,0.5166666667,0.6355092593
CA,3,5,6,SOScore08,0.4899691358,0.5423611111,0.7264660494,0.76875,0.768595679,0.4915123457,0.6722993827,0.8182098765,0.5712962963,0.5037808642,0.6353240741
CA_GRE,2,5,6,SOScore05,0.6989197531,0.4912808642,0.6482253086,0.6901234568,0.6167438272,0.5695987654,0.6851080247,0.9057098765,0.5563271605,0.4895833333,0.635162037
CA,3.5,5,6,SO,0.4905864198,0.5392746914,0.725308642,0.7581018519,0.7766975309,0.4924382716,0.6671296296,0.8009259259,0.5869598765,0.5063271605,0.634375
CA,2.5,5,6,SO,0.494212963,0.5401234568,0.7396604938,0.7453703704,0.7830246914,0.4949074074,0.6632716049,0.8154320988,0.5583333333,0.5042438272,0.6338580247
ACC_DON_GRE,2,5,6,GO,0.5957561728,0.5671296296,0.6966820988,0.6572530864,0.5824074074,0.5787808642,0.7528549383,0.7528549383,0.6746141975,0.4737654321,0.6332098765
CA,2,5,6,aaScore05,0.5,0.55,0.7723765432,0.7766975309,0.7348765432,0.5,0.6469135802,0.7402777778,0.6035493827,0.5039351852,0.6328626543
CA_GRE,3,5,6,SOScore05,0.6922839506,0.4292438272,0.6523919753,0.7009259259,0.6138888889,0.6016975309,0.7015432099,0.8980709877,0.5850308642,0.4516203704,0.6326697531
CA,3,5,6,SO,0.4902006173,0.5394290123,0.7173611111,0.7581018519,0.7712962963,0.4924382716,0.6657407407,0.8032407407,0.5760802469,0.512191358,0.6326080247
CA_ACC_DON,3.5,5,6,RMSD,0.7679012346,0.4766203704,0.6290123457,0.6270061728,0.4429783951,0.6695987654,0.6921296296,0.8726080247,0.5530092593,0.5914351852,0.6322299383
ACC_DON_GRE,1.5,5,6,SOScore08,0.5887345679,0.6418209877,0.6482253086,0.755941358,0.6060185185,0.4731481481,0.8388117284,0.9290123457,0.4861111111,0.3474537037,0.6315277778
CA_ACC_DON_GRE,3.5,5,6,RMSD,0.5092592593,0.5491512346,0.7428240741,0.7412808642,0.4886574074,0.5520061728,0.787808642,0.8956790123,0.4422067901,0.5877314815,0.6296604938
ACC_DON_GRE,3,5,6,SOScore05,0.5433641975,0.7441358025,0.5351851852,0.7077160494,0.6092592593,0.475154321,0.8734567901,0.8910493827,0.5771604938,0.3351851852,0.6291666667
CA,2.5,5,6,aaScore08,0.4975308642,0.5511574074,0.7575617284,0.8271604938,0.7229938272,0.5,0.6342592593,0.7158950617,0.6029320988,0.4765432099,0.6286033951
CA,3.5,5,6,GO,0.4769290123,0.5331790123,0.743595679,0.7913580247,0.6239969136,0.4986111111,0.7516203704,0.8020061728,0.580787037,0.4638117284,0.6265895062
ACC_DON_GRE,1.5,5,6,SO,0.5846450617,0.6380401235,0.6324074074,0.75,0.5997685185,0.474845679,0.836882716,0.9297839506,0.4689814815,0.34375,0.6259104938
ACC_DON_GRE,2,5,6,SOScore08,0.5033950617,0.7326388889,0.5814814815,0.7497685185,0.5533950617,0.4411265432,0.8521604938,0.9,0.5784722222,0.3642746914,0.6256712963
CA,2,5,6,SOScore05,0.4952160494,0.5417438272,0.7308641975,0.7070216049,0.7283950617,0.4955246914,0.6819444444,0.8282407407,0.537037037,0.5095679012,0.6255555556
CA_GRE,2.5,5,6,SOScore08,0.7087191358,0.4766203704,0.6564814815,0.7030864198,0.6139660494,0.5813271605,0.6422067901,0.8889660494,0.518132716,0.4564814815,0.6245987654
CA_ACC_DON,3,5,6,RMSD,0.761882716,0.4612654321,0.6426697531,0.5527006173,0.4631944444,0.675617284,0.7009259259,0.8212191358,0.5899691358,0.574382716,0.624382716
CA,1.5,5,6,SOScore05,0.4915123457,0.5415123457,0.6847222222,0.7080246914,0.686882716,0.4959876543,0.7182098765,0.8405864198,0.5522376543,0.5025462963,0.6222222222
CA_GRE,3,5,6,SOScore08,0.6702160494,0.4494598765,0.6456018519,0.699382716,0.6275462963,0.6235339506,0.6447530864,0.8851080247,0.5219907407,0.4455246914,0.6213117284
CA,2,5,6,SOScore08,0.4959876543,0.5417438272,0.7165123457,0.6680555556,0.7509259259,0.4939814815,0.6705246914,0.825462963,0.5383487654,0.5111111111,0.6212654321
CA,2,5,6,SO,0.4944444444,0.5392746914,0.7049382716,0.6578703704,0.7697530864,0.4955246914,0.6671296296,0.8205246914,0.5426697531,0.512808642,0.6204938272
CA_GRE,3.5,5,6,GO,0.6039351852,0.5458333333,0.6081790123,0.6203703704,0.5030092593,0.5257716049,0.8113425926,0.8019290123,0.675617284,0.4991512346,0.6195138889
CA,2.5,5,6,aaScore05,0.5,0.5489969136,0.7366512346,0.8009259259,0.7141975309,0.5,0.6169753086,0.6962962963,0.6010030864,0.4746141975,0.6189660494
CA_ACC_DON_GRE,2.5,5,6,GO,0.6324074074,0.6614969136,0.5893518519,0.6287808642,0.4766975309,0.5594135802,0.756867284,0.6975308642,0.6902777778,0.494367284,0.6187191358
CA_GRE,2,5,6,SOScore08,0.6951388889,0.4966820988,0.6232253086,0.6770061728,0.5889660494,0.5702160494,0.6554012346,0.8986111111,0.5081790123,0.4737654321,0.6187191358
CA_GRE,3.5,5,6,SOScore08,0.6945216049,0.4280864198,0.6098765432,0.6949074074,0.6268518519,0.6139660494,0.6663580247,0.8712191358,0.5516975309,0.4283950617,0.618587963
CA_GRE,3,5,6,GO,0.5976851852,0.5111882716,0.6145833333,0.6108796296,0.531558642,0.5006944444,0.8243055556,0.7718364198,0.6914351852,0.5283950617,0.6182561728
ACC_DON_GRE,2.5,5,6,SOScore08,0.5114197531,0.7625,0.5668209877,0.6986111111,0.5965277778,0.4587962963,0.8660493827,0.8644290123,0.5468364198,0.3077932099,0.6179783951
ACC_DON_GRE,2,5,6,SO,0.4836419753,0.7222222222,0.5683641975,0.7435185185,0.5477623457,0.436882716,0.8422067901,0.900617284,0.5636574074,0.3691358025,0.6178009259
ACC_DON_GRE,3.5,5,6,RMSD,0.555632716,0.6138117284,0.5530092593,0.7429783951,0.5510030864,0.5032407407,0.7579475309,0.8555555556,0.5114197531,0.531404321,0.6176003086
CA,3,5,6,GO,0.475462963,0.5331790123,0.7351851852,0.7517746914,0.5907407407,0.4986111111,0.7374228395,0.8030864198,0.5829475309,0.4631944444,0.6171604938
CA_ACC_DON,1.5,5,6,SOScore05,0.4364197531,0.5223765432,0.6561728395,0.6299382716,0.5982253086,0.5368055556,0.8006944444,0.9188271605,0.6093364198,0.4542438272,0.6163040123
CA_ACC_DON_GRE,3,5,6,GO,0.6031635802,0.6594907407,0.5890432099,0.6396604938,0.5158950617,0.5222993827,0.7377314815,0.7077932099,0.7125771605,0.474845679,0.61625
ACC_DON_GRE,2.5,5,6,RMSD,0.5839506173,0.5441358025,0.6119598765,0.675308642,0.5545524691,0.519212963,0.7047067901,0.9011574074,0.5342592593,0.5302469136,0.6159490741
ACC_DON,2,5,6,GO,0.4814814815,0.6670524691,0.7236882716,0.6668209877,0.5139660494,0.5405092593,0.7549382716,0.7174382716,0.5749228395,0.5166666667,0.6157484568
CA_GRE,2,5,6,GO,0.5554783951,0.5082561728,0.5899691358,0.6826388889,0.5473765432,0.5427469136,0.7613425926,0.7587191358,0.6667438272,0.531712963,0.6144984568
CA_GRE,2.5,5,6,SO,0.6958333333,0.481095679,0.6466049383,0.6953703704,0.605787037,0.5839506173,0.6039351852,0.8763888889,0.4918981481,0.4619598765,0.6142824074
CA_ACC_DON,2,5,6,SOScore05,0.4012345679,0.499691358,0.7020061728,0.7295524691,0.6090277778,0.4989969136,0.8196759259,0.9,0.5652006173,0.4161265432,0.6141512346
CA_ACC_DON,3,5,6,GO,0.45625,0.6898919753,0.637654321,0.6679783951,0.5348765432,0.5523919753,0.7397376543,0.7388117284,0.6226851852,0.481095679,0.6121373457
CA_ACC_DON,2.5,5,6,RMSD,0.7865740741,0.531558642,0.6233024691,0.4885802469,0.4951388889,0.7165895062,0.6307098765,0.762345679,0.5320216049,0.5484567901,0.6115277778
CA,1.5,5,6,SOScore08,0.487345679,0.5415123457,0.6489197531,0.6317901235,0.7279320988,0.4944444444,0.6924382716,0.8382716049,0.5472993827,0.5052469136,0.6115200617
ACC_DON,3,5,6,GO,0.5002314815,0.5909722222,0.7294753086,0.7097993827,0.5480709877,0.4736882716,0.7366512346,0.744367284,0.5468364198,0.5335648148,0.6113657407
ACC_DON,3.5,5,6,GO,0.4936728395,0.618132716,0.6820987654,0.681404321,0.55,0.4972222222,0.6872685185,0.7731481481,0.6221450617,0.4967592593,0.6101851852
CA_ACC_DON_GRE,3,5,6,RMSD,0.5231481481,0.5502314815,0.6472993827,0.6278549383,0.5649691358,0.505787037,0.7701388889,0.8894290123,0.4958333333,0.5236111111,0.6098302469
CA_GRE,3,5,6,SO,0.6587191358,0.4486111111,0.6400462963,0.6980709877,0.6287037037,0.6260802469,0.6093364198,0.868441358,0.4929012346,0.4269290123,0.6097839506
CA_GRE,2,5,6,SO,0.6955246914,0.4964506173,0.6034722222,0.6662808642,0.5777777778,0.5713734568,0.6354938272,0.8938271605,0.4828703704,0.4702932099,0.6093364198
CA,3,5,6,aaScore08,0.4935185185,0.5486882716,0.7787808642,0.7828703704,0.6697530864,0.499537037,0.5733024691,0.6573302469,0.5920524691,0.4935185185,0.6089351852
CA_ACC_DON,2.5,5,6,SOScore05,0.3152777778,0.5725308642,0.687345679,0.725,0.612345679,0.4550925926,0.8435185185,0.8914351852,0.5920524691,0.3871141975,0.6081712963
CA_GRE,1.5,5,6,SOScore05,0.7000771605,0.5100308642,0.531095679,0.6041666667,0.6145061728,0.5672067901,0.6735339506,0.9351851852,0.4526234568,0.493287037,0.6081712963
ACC_DON_GRE,3,5,6,RMSD,0.531867284,0.5297839506,0.6446759259,0.7150462963,0.5339506173,0.4446759259,0.7734567901,0.8520833333,0.5243055556,0.5280092593,0.6077854938
CA_GRE,3.5,5,6,SO,0.6794753086,0.4410493827,0.5951388889,0.6858024691,0.6269290123,0.6121141975,0.6327160494,0.8489969136,0.5363425926,0.4176697531,0.6076234568
ACC_DON_GRE,2.5,5,6,SO,0.4965277778,0.7479166667,0.5481481481,0.6864969136,0.5904320988,0.4542438272,0.8608024691,0.8502314815,0.5280864198,0.3098765432,0.6072762346
CA_ACC_DON,3.5,5,6,GO,0.487191358,0.6723765432,0.6271604938,0.7172067901,0.5236882716,0.4861882716,0.7017746914,0.768132716,0.5764660494,0.5124228395,0.6072608025
CA,2.5,5,6,GO,0.4763117284,0.5331790123,0.7229938272,0.7483796296,0.5930555556,0.4782407407,0.7214506173,0.8032407407,0.5293981481,0.4657407407,0.6071990741
CA_ACC_DON_GRE,3.5,5,6,GO,0.6080246914,0.6353395062,0.5930555556,0.6772376543,0.4286265432,0.5410493827,0.7156635802,0.7083333333,0.7167438272,0.4456790123,0.6069753086
CA,1.5,5,6,SO,0.4866512346,0.5319444444,0.6342592593,0.5991512346,0.7427469136,0.4958333333,0.6834876543,0.8311728395,0.5476851852,0.512345679,0.6065277778
ACC_DON_GRE,3.5,5,6,SOScore05,0.5614969136,0.6989969136,0.5022376543,0.6499228395,0.5729166667,0.4536265432,0.8388117284,0.8657407407,0.5783179012,0.3375,0.6059567901
ACC_DON_GRE,3,5,6,SOScore08,0.5107253086,0.7231481481,0.5113425926,0.6550154321,0.606404321,0.449691358,0.8509259259,0.8651234568,0.5489969136,0.337037037,0.6058410494
CA_ACC_DON,2,5,6,GO,0.4924382716,0.6260802469,0.7287037037,0.7043981481,0.4979938272,0.5103395062,0.7427469136,0.7078703704,0.5454475309,0.4944444444,0.6050462963
CA_ACC_DON,3,5,6,SOScore05,0.3380401235,0.5844135802,0.6796296296,0.7421296296,0.6457561728,0.3672067901,0.8553240741,0.8881944444,0.5525462963,0.3942901235,0.6047530864
CA_ACC_DON,1.5,5,6,SOScore08,0.4092592593,0.4788580247,0.6486111111,0.5844135802,0.6089506173,0.5459876543,0.7958333333,0.9224537037,0.5898148148,0.4596450617,0.604382716
CA_ACC_DON,2,5,6,SOScore08,0.3523148148,0.4824845679,0.699845679,0.7016975309,0.6236882716,0.4647376543,0.8185185185,0.9082561728,0.5801697531,0.3986882716,0.6030401235
CA_ACC_DON_GRE,2,5,6,GO,0.6024691358,0.6679012346,0.6023148148,0.638117284,0.4532407407,0.5530092593,0.7391203704,0.6320987654,0.7074845679,0.4175925926,0.6013348765
CA,3.5,5,6,aaScore08,0.4944444444,0.5486882716,0.7084876543,0.7772376543,0.6757716049,0.499537037,0.5808641975,0.6402006173,0.593904321,0.4901234568,0.6009259259
CA_ACC_DON,2,5,6,SO,0.3324074074,0.4713734568,0.6966049383,0.693595679,0.6361111111,0.4650462963,0.8131944444,0.9131944444,0.580941358,0.4034722222,0.6005941358
CA_ACC_DON,1.5,5,6,SO,0.3977623457,0.4536265432,0.6469907407,0.5790123457,0.6049382716,0.5605709877,0.7847222222,0.9281635802,0.5793981481,0.4603395062,0.5995524691
CA,3,5,6,aaScore05,0.4950617284,0.5471450617,0.7478395062,0.7415123457,0.6733796296,0.4979938272,0.5657407407,0.6361111111,0.5923611111,0.4956018519,0.5992746914
CA_ACC_DON,2.5,5,6,SOScore08,0.2858024691,0.5261574074,0.6874228395,0.7191358025,0.6152777778,0.4533950617,0.8304783951,0.8951388889,0.5979166667,0.3801697531,0.5990895062
CA_GRE,1.5,5,6,SOScore08,0.6986882716,0.5141203704,0.5300154321,0.5810185185,0.5986111111,0.5607253086,0.6351080247,0.9268518519,0.443904321,0.4999228395,0.5988966049
ACC_DON,2.5,5,6,GO,0.4942901235,0.5846450617,0.718132716,0.6667438272,0.4933641975,0.4836419753,0.7174382716,0.7422067901,0.5375771605,0.5461419753,0.5984182099
ACC_DON_GRE,3,5,6,SO,0.5015432099,0.7147376543,0.5091820988,0.6326388889,0.6021604938,0.4472993827,0.843904321,0.8519290123,0.5412037037,0.3358796296,0.5980478395
CA,2,5,6,GO,0.4799382716,0.5344907407,0.7162037037,0.7299382716,0.5587962963,0.4820987654,0.6730709877,0.799382716,0.5323302469,0.4697530864,0.5976003086
CA_GRE,1.5,5,6,GO,0.5438271605,0.537191358,0.5290895062,0.6483796296,0.5526234568,0.5266975309,0.7299382716,0.813117284,0.575154321,0.5070216049,0.5963040123
ACC_DON,2,5,6,SOScore05,0.3486111111,0.5880401235,0.6676697531,0.7029320988,0.6194444444,0.4608796296,0.8342592593,0.787345679,0.5152006173,0.4335648148,0.5957947531
CA_ACC_DON,2.5,5,6,SO,0.2841820988,0.5030092593,0.6819444444,0.7138117284,0.6273148148,0.443132716,0.8242283951,0.8969135802,0.5946759259,0.3868055556,0.5956018519
CA_ACC_DON,3.5,5,6,SOScore05,0.3033179012,0.5604166667,0.6543209877,0.749691358,0.6442901235,0.3908950617,0.8401234568,0.862037037,0.5659722222,0.3822530864,0.5953317901
CA,1.5,5,6,GO,0.4768518519,0.5367283951,0.6834876543,0.7422839506,0.5169753086,0.4858024691,0.6932098765,0.7990740741,0.5313271605,0.4719135802,0.5937654321
ACC_DON_GRE,2,5,6,RMSD,0.6321759259,0.5145061728,0.5015432099,0.5945987654,0.5105709877,0.5877314815,0.6717592593,0.8787037037,0.4421296296,0.593595679,0.5927314815
CA_ACC_DON_GRE,2.5,5,6,RMSD,0.5324845679,0.5273919753,0.649691358,0.5429783951,0.5395833333,0.4454475309,0.7188271605,0.8963734568,0.4492283951,0.6005401235,0.5902546296
CA_ACC_DON,3,5,6,SOScore08,0.3140432099,0.5343364198,0.6595679012,0.7399691358,0.6397376543,0.349691358,0.8526234568,0.8884259259,0.5462962963,0.3773919753,0.5902083333
CA,3.5,5,6,aaScore05,0.4956790123,0.5471450617,0.6753858025,0.7394290123,0.6716820988,0.4979938272,0.5666666667,0.6282407407,0.5888888889,0.4903549383,0.5901466049
CA_GRE,1.5,5,6,SO,0.6893518519,0.5096450617,0.5196759259,0.5710648148,0.5749228395,0.563117284,0.6154320988,0.9207561728,0.4298611111,0.5,0.589382716
CA_ACC_DON,2.5,5,6,GO,0.5195987654,0.6888117284,0.6477623457,0.6550925926,0.4639660494,0.431404321,0.7408179012,0.7242283951,0.5470679012,0.4644290123,0.5883179012
CA_ACC_DON,3,5,6,SO,0.3175154321,0.5188271605,0.6510030864,0.7388117284,0.6337962963,0.3433641975,0.8493055556,0.888117284,0.543595679,0.375617284,0.5859953704
ACC_DON,1.5,5,6,SOScore05,0.4209876543,0.5903549383,0.6694444444,0.6067901235,0.6235339506,0.4829475309,0.7533950617,0.7717592593,0.5250771605,0.4097993827,0.5854089506
CA_ACC_DON,3.5,5,6,SOScore08,0.2771604938,0.530941358,0.6555555556,0.7327160494,0.6444444444,0.3994598765,0.8463734568,0.8476851852,0.5438271605,0.3551697531,0.5833333333
CA_ACC_DON_GRE,1.5,5,6,GO,0.5844135802,0.5705246914,0.6452160494,0.6980709877,0.4051697531,0.5179012346,0.7071759259,0.624691358,0.593595679,0.4834876543,0.5830246914
ACC_DON,1.5,5,6,GO,0.4844135802,0.6358796296,0.7038580247,0.6364197531,0.4744598765,0.4904320988,0.668595679,0.6962191358,0.5296296296,0.4841820988,0.5804089506
CA_ACC_DON,1.5,5,6,GO,0.4740740741,0.5858796296,0.6540895062,0.6884259259,0.4858796296,0.4739197531,0.693441358,0.7337191358,0.5492283951,0.4595679012,0.5798225309
ACC_DON_GRE,3.5,5,6,SOScore08,0.5255401235,0.6641203704,0.4658179012,0.5654320988,0.568287037,0.4375,0.8125771605,0.844212963,0.5488425926,0.350154321,0.5782484568
CA_ACC_DON,3.5,5,6,SO,0.2691358025,0.5204475309,0.6475308642,0.7186728395,0.6396604938,0.3938271605,0.8453703704,0.8425154321,0.5360339506,0.349691358,0.5762885802
ACC_DON,1.5,5,6,SOScore08,0.4027006173,0.5471450617,0.649845679,0.5889660494,0.6030864198,0.4845679012,0.7471450617,0.762037037,0.5265432099,0.4324845679,0.5744521605
ACC_DON,2,5,6,SOScore08,0.3364969136,0.5593364198,0.6377314815,0.6983024691,0.6313271605,0.4337191358,0.8078703704,0.7668981481,0.4691358025,0.3966049383,0.573742284
ACC_DON,2.5,5,6,RMSD,0.6081790123,0.4872685185,0.5800925926,0.4369598765,0.4652777778,0.6860339506,0.5287037037,0.7344907407,0.5723765432,0.6296296296,0.5729012346
ACC_DON,3.5,5,6,RMSD,0.6074845679,0.469367284,0.5225308642,0.5429783951,0.4584104938,0.6356481481,0.5959876543,0.6964506173,0.5858796296,0.6077160494,0.5722453704
CA_GRE,3.5,5,6,RMSD,0.5456018519,0.618132716,0.5174382716,0.5958333333,0.5725308642,0.4292438272,0.7047839506,0.8260802469,0.3702932099,0.536882716,0.5716820988
ACC_DON,3,5,6,RMSD,0.5763117284,0.4770833333,0.562037037,0.4561728395,0.4829475309,0.6347222222,0.5817901235,0.7361111111,0.5719907407,0.6300925926,0.5709259259
ACC_DON,1.5,5,6,SO,0.3938271605,0.5505401235,0.6414351852,0.5784722222,0.6017746914,0.4799382716,0.7418209877,0.7513117284,0.5182098765,0.4182098765,0.5675540123
ACC_DON,2.5,5,6,SOScore05,0.2924382716,0.555632716,0.6642746914,0.7037808642,0.5882716049,0.4263117284,0.8346450617,0.7776234568,0.4558641975,0.3650462963,0.5663888889
CA_GRE,3,5,6,RMSD,0.5043981481,0.6378858025,0.5242283951,0.5412808642,0.5695216049,0.4460648148,0.6927469136,0.8222993827,0.3836419753,0.537654321,0.5659722222
ACC_DON,2,5,6,SO,0.3323302469,0.5459104938,0.6219907407,0.6966820988,0.6344135802,0.4209104938,0.7918981481,0.762191358,0.4705246914,0.3750771605,0.5651929012
ACC_DON_GRE,3.5,5,6,SO,0.5084876543,0.6508487654,0.4570987654,0.530941358,0.5658950617,0.4405864198,0.7952160494,0.8173611111,0.5316358025,0.349537037,0.5647608025
ACC_DON,3,5,6,SOScore05,0.2473765432,0.5955246914,0.6628858025,0.7084876543,0.605941358,0.3962191358,0.8230709877,0.761882716,0.4474537037,0.3485339506,0.5597376543
CA_ACC_DON,2,5,6,RMSD,0.7347222222,0.5695987654,0.5027006173,0.3308641975,0.461882716,0.6955246914,0.5041666667,0.6389660494,0.5736882716,0.5647376543,0.5576851852
CA,3.5,5,6,RMSD,0.4805555556,0.5209104938,0.5260802469,0.5567901235,0.6304012346,0.4976851852,0.6228395062,0.6554783951,0.5773148148,0.4970679012,0.5565123457
CA,3,5,6,RMSD,0.4814814815,0.5202932099,0.4966049383,0.5441358025,0.6589506173,0.4976851852,0.650154321,0.6461419753,0.5783950617,0.4894290123,0.5563271605
ACC_DON,2.5,5,6,SOScore08,0.2727623457,0.5591820988,0.6358796296,0.6975308642,0.6044753086,0.4027006173,0.8272376543,0.7608796296,0.4605709877,0.3405092593,0.5561728395
CA_GRE,1.5,5,6,aaScore08,0.5338734568,0.4746141975,0.6033179012,0.6511574074,0.3901234568,0.6554783951,0.4712962963,0.6166666667,0.6510030864,0.4898919753,0.553742284
ACC_DON,3.5,5,6,SOScore05,0.2266203704,0.5959104938,0.6483024691,0.6600308642,0.6093364198,0.3961419753,0.7983796296,0.7773919753,0.4771604938,0.3407407407,0.5530015432
ACC_DON,2.5,5,6,SO,0.2722222222,0.5641975309,0.6218364198,0.688117284,0.6021604938,0.39375,0.8199845679,0.7375,0.4782407407,0.3391975309,0.551720679
CA_ACC_DON_GRE,2,5,6,RMSD,0.5070987654,0.5977623457,0.4445987654,0.4737654321,0.5097222222,0.5472993827,0.5768518519,0.8037808642,0.4810185185,0.544058642,0.548595679
ACC_DON,3,5,6,SOScore08,0.2271604938,0.5804783951,0.6168981481,0.6800154321,0.6076388889,0.4045524691,0.8209876543,0.7300154321,0.4523919753,0.3343364198,0.5454475309
CA,2.5,5,6,RMSD,0.4765432099,0.5165895062,0.5045524691,0.4936728395,0.6208333333,0.493287037,0.5952160494,0.5941358025,0.5596450617,0.5200617284,0.5374537037
ACC_DON,3,5,6,SO,0.2222993827,0.5724537037,0.5999228395,0.6586419753,0.6028549383,0.4074845679,0.8084876543,0.7100308642,0.4551697531,0.3257716049,0.5363117284
ACC_DON_GRE,1.5,5,6,RMSD,0.5841820988,0.5067901235,0.4758487654,0.4236882716,0.4980709877,0.5239197531,0.5053240741,0.7259259259,0.4952932099,0.6075617284,0.5346604938
ACC_DON,2,5,6,RMSD,0.5899691358,0.4703703704,0.4975308642,0.3227623457,0.4398919753,0.6805555556,0.4609567901,0.6233796296,0.6148148148,0.6183641975,0.5318595679
ACC_DON,3.5,5,6,SOScore08,0.2121141975,0.5868055556,0.6079475309,0.6159722222,0.6141975309,0.3952932099,0.7935185185,0.6963734568,0.4597222222,0.3167438272,0.5298688272
CA,2,5,6,RMSD,0.4708333333,0.5131944444,0.4679012346,0.525617284,0.5919753086,0.4922067901,0.5805555556,0.5574074074,0.5349537037,0.5194444444,0.5254089506
CA_GRE,1.5,5,6,aaScore05,0.506712963,0.4680555556,0.5779320988,0.6206790123,0.405632716,0.6369598765,0.4175154321,0.5503858025,0.606404321,0.4610339506,0.5251311728
CA,1.5,5,6,RMSD,0.4859567901,0.5152777778,0.4637345679,0.4830246914,0.6358024691,0.4919753086,0.5632716049,0.5072530864,0.5539351852,0.5112654321,0.5211496914
ACC_DON,3.5,5,6,SO,0.2136574074,0.5824074074,0.5966820988,0.5787808642,0.6146604938,0.3965277778,0.7851080247,0.669367284,0.4503858025,0.3152006173,0.5202777778
CA_GRE,2.5,5,6,RMSD,0.4469907407,0.6346450617,0.424537037,0.4319444444,0.5797067901,0.3952932099,0.6860339506,0.762345679,0.3534722222,0.4844907407,0.5199459877
CA_ACC_DON_GRE,1.5,5,6,aaScore08,0.5205246914,0.4523148148,0.5481481481,0.6461419753,0.4659722222,0.5263888889,0.5469907407,0.4134259259,0.5932098765,0.4536265432,0.5166743827
CA_ACC_DON,1.5,5,6,aaScore08,0.3222993827,0.5092592593,0.6390432099,0.750154321,0.5591049383,0.3574845679,0.5962962963,0.5209876543,0.4246141975,0.4564814815,0.5135725309
CA_GRE,2,5,6,aaScore08,0.4892746914,0.4497685185,0.5621141975,0.562037037,0.436882716,0.6222993827,0.3739197531,0.3926697531,0.6363425926,0.4350308642,0.4960339506
CA_ACC_DON,1.5,5,6,aaScore05,0.3252314815,0.4780864198,0.6019290123,0.7010802469,0.5643518519,0.3591049383,0.5263888889,0.4827160494,0.4272376543,0.4767746914,0.4942901235
ACC_DON,1.5,5,6,aaScore08,0.2112654321,0.5270833333,0.637345679,0.7350308642,0.618287037,0.3321759259,0.6051697531,0.4561728395,0.4017746914,0.4105709877,0.4934876543
CA_ACC_DON_GRE,1.5,5,6,aaScore05,0.4904320988,0.4225308642,0.5066358025,0.587345679,0.4907407407,0.5152006173,0.5106481481,0.3773148148,0.5514660494,0.4729166667,0.4925231481
CA_GRE,2,5,6,RMSD,0.5010030864,0.5487654321,0.4162037037,0.412191358,0.5625771605,0.3783179012,0.5860339506,0.5883487654,0.3361111111,0.5584104938,0.4887962963
CA_ACC_DON,1.5,5,6,RMSD,0.675617284,0.4829475309,0.3415895062,0.2412037037,0.4388117284,0.6463734568,0.3881944444,0.468441358,0.5781635802,0.5467592593,0.4808101852
ACC_DON,1.5,5,6,RMSD,0.5938271605,0.4539351852,0.338117284,0.237037037,0.3770061728,0.6776234568,0.3661265432,0.5188271605,0.6199845679,0.5958333333,0.4778317901
CA_ACC_DON_GRE,1.5,5,6,RMSD,0.462191358,0.5268518519,0.4361111111,0.3335648148,0.5395833333,0.4677469136,0.4283950617,0.5760802469,0.4041666667,0.5489969136,0.4723688272
CA_GRE,2,5,6,aaScore05,0.4773919753,0.46875,0.5195987654,0.5104938272,0.4399691358,0.6067901235,0.3263117284,0.3412808642,0.5696759259,0.4507716049,0.4711033951
ACC_DON,1.5,5,6,aaScore05,0.2096450617,0.4969135802,0.5858796296,0.6728395062,0.600617284,0.324537037,0.5695987654,0.4270833333,0.405632716,0.400617284,0.4693364198
CA_GRE,2.5,5,6,aaScore08,0.5442901235,0.3610339506,0.5469135802,0.5516203704,0.4257716049,0.5910493827,0.2741512346,0.2222222222,0.6182098765,0.4966820988,0.4631944444
ACC_DON_GRE,1.5,5,6,aaScore08,0.3957561728,0.4775462963,0.5086419753,0.5599537037,0.5027006173,0.4946759259,0.4634259259,0.2489197531,0.4862654321,0.3894290123,0.4527314815
CA_ACC_DON_GRE,2,5,6,aaScore08,0.4844907407,0.393287037,0.5436728395,0.5058641975,0.493441358,0.4460648148,0.405941358,0.193441358,0.4927469136,0.4650462963,0.4423996914
CA_GRE,1.5,5,6,RMSD,0.4594907407,0.5137345679,0.3902006173,0.3371141975,0.6104166667,0.3385802469,0.5079475309,0.3712962963,0.330632716,0.5027006173,0.4362114198
ACC_DON,2,5,6,aaScore08,0.1916666667,0.4923611111,0.4807098765,0.6530092593,0.5672067901,0.3401234568,0.5018518519,0.3457561728,0.4018518519,0.3854166667,0.4359953704
CA_ACC_DON,2,5,6,aaScore08,0.2663580247,0.4295524691,0.4787037037,0.6345679012,0.5385802469,0.3098765432,0.4664351852,0.3404320988,0.4230709877,0.4371141975,0.4324691358
CA_GRE,2.5,5,6,aaScore05,0.5398148148,0.3710648148,0.4912037037,0.4992283951,0.4249228395,0.5490740741,0.2239197531,0.2030092593,0.5489969136,0.4537037037,0.4304938272
CA_GRE,3,5,6,aaScore08,0.4863425926,0.3631944444,0.4755401235,0.4362654321,0.4341049383,0.5555555556,0.2858024691,0.1762345679,0.5865740741,0.4758487654,0.4275462963
CA_ACC_DON_GRE,2,5,6,aaScore05,0.4628858025,0.3836419753,0.5097222222,0.4621141975,0.5374228395,0.4267746914,0.3577932099,0.1905092593,0.443595679,0.4708333333,0.424529321
CA_GRE,3.5,5,6,aaScore08,0.4469907407,0.3862654321,0.4707561728,0.3915123457,0.4292438272,0.5494598765,0.2621141975,0.1625,0.6054012346,0.4607253086,0.4164969136
ACC_DON,2,5,6,aaScore05,0.1981481481,0.4611111111,0.4179783951,0.5688271605,0.58125,0.3478395062,0.4524691358,0.3133487654,0.4029320988,0.4109567901,0.4154861111
CA_ACC_DON,2,5,6,aaScore05,0.2661265432,0.4064814815,0.4463734568,0.5640432099,0.5354938272,0.3170524691,0.4109567901,0.3091049383,0.4331790123,0.4503858025,0.4139197531
ACC_DON_GRE,1.5,5,6,aaScore05,0.3700617284,0.4321759259,0.4252314815,0.4858796296,0.487808642,0.4783179012,0.3975308642,0.2152777778,0.443441358,0.3789351852,0.4114660494
ACC_DON,2.5,5,6,aaScore08,0.2002314815,0.5103395062,0.3957561728,0.5462962963,0.5451388889,0.3577932099,0.4482253086,0.2467592593,0.4456018519,0.3735339506,0.4069675926
CA_GRE,3,5,6,aaScore05,0.4636574074,0.3738425926,0.4422067901,0.4058641975,0.4432098765,0.5483024691,0.2369598765,0.1737654321,0.4988425926,0.4249228395,0.4011574074
ACC_DON,3,5,6,aaScore08,0.1824845679,0.5142746914,0.4198302469,0.5107253086,0.5122685185,0.3877314815,0.3935185185,0.2554012346,0.4300154321,0.380941358,0.3987191358
CA_GRE,3.5,5,6,aaScore05,0.4337962963,0.400462963,0.4486882716,0.3449074074,0.436882716,0.5350308642,0.2284722222,0.1416666667,0.5587962963,0.4392746914,0.3967978395
CA_ACC_DON_GRE,2.5,5,6,aaScore08,0.4422839506,0.4595679012,0.3466049383,0.431558642,0.4674382716,0.5371141975,0.2662808642,0.0970679012,0.5050925926,0.4064814815,0.3959490741
ACC_DON,3.5,5,6,aaScore08,0.1753858025,0.5064814815,0.4602623457,0.436882716,0.5281635802,0.3984567901,0.3849537037,0.2590277778,0.4144290123,0.3890432099,0.395308642
ACC_DON_GRE,2,5,6,aaScore08,0.3544753086,0.4649691358,0.4426697531,0.4104938272,0.4737654321,0.3917438272,0.3038580247,0.1138888889,0.5206018519,0.4028549383,0.3879320988
ACC_DON,2.5,5,6,aaScore05,0.2018518519,0.4677469136,0.3583333333,0.4833333333,0.5554783951,0.3456790123,0.405941358,0.2148148148,0.4543981481,0.3616512346,0.3849228395
CA_ACC_DON,2.5,5,6,aaScore08,0.2199845679,0.4609567901,0.3613425926,0.4981481481,0.518441358,0.2949845679,0.343595679,0.2308641975,0.4584876543,0.4591049383,0.3845910494
CA_ACC_DON_GRE,3,5,6,aaScore08,0.4516975309,0.4301697531,0.3499228395,0.3471450617,0.4364969136,0.4994598765,0.2157407407,0.1101851852,0.4903549383,0.4849537037,0.3816126543
CA_ACC_DON,2.5,5,6,aaScore05,0.2266975309,0.4259259259,0.349382716,0.4573302469,0.5477623457,0.3274691358,0.3144290123,0.205787037,0.4679783951,0.4800925926,0.3802854938
ACC_DON,3,5,6,aaScore05,0.1820987654,0.4842592593,0.3798611111,0.4334876543,0.5145061728,0.3864969136,0.3465277778,0.2446759259,0.4168209877,0.3890432099,0.3777777778
ACC_DON,3.5,5,6,aaScore05,0.1834876543,0.4483024691,0.4197530864,0.3976080247,0.5109567901,0.4186728395,0.3533950617,0.218132716,0.4261574074,0.3938271605,0.377029321
ACC_DON_GRE,3,5,6,aaScore08,0.4506944444,0.450462963,0.3411265432,0.2711419753,0.4577932099,0.5415123457,0.212808642,0.1277006173,0.4469907407,0.4698302469,0.3770061728
CA_ACC_DON_GRE,2.5,5,6,aaScore05,0.4082561728,0.4133487654,0.3428240741,0.3979938272,0.4856481481,0.4799382716,0.2351851852,0.1045524691,0.4479938272,0.4284722222,0.3744212963
CA_ACC_DON,3,5,6,aaScore08,0.2415895062,0.505632716,0.3450617284,0.4355709877,0.5362654321,0.3267746914,0.2933641975,0.1655864198,0.4069444444,0.4236882716,0.3680478395
ACC_DON_GRE,2.5,5,6,aaScore08,0.4087962963,0.4385802469,0.3664351852,0.3085648148,0.4397376543,0.475617284,0.2760030864,0.0899691358,0.4200617284,0.4522376543,0.3676003086
ACC_DON_GRE,3.5,5,6,aaScore08,0.4172067901,0.3657407407,0.4283950617,0.2417438272,0.4398148148,0.4796296296,0.2300925926,0.1310185185,0.4545524691,0.4845679012,0.3672762346
CA_ACC_DON_GRE,3,5,6,aaScore05,0.4339506173,0.3802469136,0.3456018519,0.3354938272,0.436882716,0.4979938272,0.2050154321,0.1171296296,0.4168981481,0.4949845679,0.3664197531
CA_ACC_DON_GRE,3.5,5,6,aaScore08,0.4624228395,0.4390432099,0.2614969136,0.25,0.5158179012,0.437037037,0.2152006173,0.1163580247,0.5133487654,0.4341820988,0.3644907407
CA_ACC_DON_GRE,3.5,5,6,aaScore05,0.4281635802,0.431712963,0.287191358,0.2539351852,0.5281635802,0.4341049383,0.2114969136,0.1467592593,0.4338734568,0.4790895062,0.3634490741
CA_ACC_DON,3.5,5,6,aaScore08,0.2396604938,0.4986882716,0.363117284,0.3484567901,0.568595679,0.3371141975,0.3047839506,0.1217592593,0.4276234568,0.4114969136,0.3621296296
ACC_DON_GRE,2,5,6,aaScore05,0.3344135802,0.4459876543,0.374691358,0.3826388889,0.4364197531,0.3955246914,0.2610339506,0.1217592593,0.4352623457,0.4261574074,0.3613888889
ACC_DON_GRE,3,5,6,aaScore05,0.4013888889,0.4198302469,0.3239197531,0.2462191358,0.4474537037,0.4923611111,0.1929012346,0.0991512346,0.3927469136,0.4801697531,0.3496141975
ACC_DON_GRE,3.5,5,6,aaScore05,0.3641975309,0.3792438272,0.4032407407,0.2320216049,0.4388888889,0.4480709877,0.2182098765,0.1136574074,0.3859567901,0.5074074074,0.3490895062
CA_ACC_DON,3.5,5,6,aaScore05,0.2400462963,0.4432098765,0.3506944444,0.3069444444,0.5591049383,0.3505401235,0.299537037,0.1132716049,0.405941358,0.3969135802,0.3466203704
CA_ACC_DON,3,5,6,aaScore05,0.2444444444,0.4449074074,0.3067901235,0.387962963,0.5258487654,0.3344135802,0.2665123457,0.1392746914,0.3801697531,0.4226080247,0.3452932099
ACC_DON_GRE,2.5,5,6,aaScore05,0.3814814815,0.405632716,0.3433641975,0.2946759259,0.4295524691,0.4922839506,0.2216820988,0.0808641975,0.3652777778,0.424691358,0.3439506173
