Atomtypes,Cuttoff,Ncliques,Distance,Median(Score),AND,BGC,NAD,PO4,GLC,FMN,EST,ATP,HEM,AMP,FAD,Mean
ACC_DON_GRE,3.5,5,6,Srel,0.696428571429,0.420731707317,0.45777027027,nan,0.969093754523,0.665957446809,0.939024390244,0.729651162791,0.707589285714,0.872675736961,0.871413565426,nan
ACC_DON_GRE,3.5,5,6,Tanimoto,0.696428571429,0.420731707317,0.45777027027,nan,0.965547655232,0.665957446809,0.939024390244,0.729651162791,0.707589285714,0.872675736961,0.871413565426,nan
ACC_DON_GRE,3.5,5,6,SrelScore08,0.704081632653,0.417682926829,0.459558823529,nan,0.96476968447,0.663164893617,0.951219512195,0.737980769231,0.716346153846,0.872321428571,0.871143457383,nan
ACC_DON_GRE,3.5,5,6,SrelScore05,0.757653061224,0.512195121951,0.488175675676,nan,0.959170104212,0.650531914894,0.957317073171,0.745248211091,0.724324324324,0.870386904762,0.853969087635,nan
ACC_DON_GRE,3,5,6,Srel,0.573979591837,0.426829268293,0.426680672269,nan,0.966060985798,0.634640389162,0.798780487805,0.722991320997,0.680405405405,0.867191043084,0.841071428571,nan
ACC_DON_GRE,3,5,6,Tanimoto,0.573979591837,0.426829268293,0.426680672269,nan,0.966060985798,0.634640389162,0.798780487805,0.722991320997,0.680405405405,0.867191043084,0.841071428571,nan
ACC_DON_GRE,3,5,6,SrelScore08,0.580357142857,0.44512195122,0.434138655462,nan,0.964147720492,0.637313602473,0.829268292683,0.718274821109,0.690540540541,0.865518707483,0.838775510204,nan
ACC_DON_GRE,3,5,6,SrelScore05,0.605867346939,0.487804878049,0.514802631579,nan,0.955297469865,0.637868248773,0.853658536585,0.726464669052,0.695945945946,0.863903061224,0.830357142857,nan
ACC_DON_GRE,2.5,5,6,Srel,0.66262755102,0.818298969072,0.456875,nan,0.977040816327,0.640292553191,0.907216494845,0.701531753131,0.703125,0.872916666667,0.818799996851,nan
ACC_DON_GRE,2.5,5,6,Tanimoto,0.66262755102,0.818298969072,0.456875,nan,0.977040816327,0.640292553191,0.907216494845,0.701531753131,0.703125,0.872916666667,0.818799996851,nan
ACC_DON_GRE,2.5,5,6,SrelScore08,0.700255102041,0.822164948454,0.47,nan,0.975765306122,0.641489361702,0.914948453608,0.709078711986,0.699118589744,0.875694444444,0.814582545981,nan
ACC_DON_GRE,2.5,5,6,SrelScore05,0.771045918367,0.829896907216,0.5040625,nan,0.958545918367,0.629654255319,0.920103092784,0.714221824687,0.685897435897,0.861326058201,0.79375,nan
ACC_DON_GRE,2,5,6,Srel,0.633928571429,0.677272727273,0.484558823529,nan,0.927933673469,0.678590425532,0.887886597938,0.707569320215,0.665006868132,0.838101438492,0.788966049383,nan
ACC_DON_GRE,2,5,6,Tanimoto,0.633928571429,0.677272727273,0.484558823529,nan,0.927933673469,0.678590425532,0.887886597938,0.707569320215,0.665006868132,0.838101438492,0.788966049383,nan
ACC_DON_GRE,2,5,6,SrelScore08,0.705357142857,0.727272727273,0.492121848739,nan,0.924744897959,0.675265957447,0.894329896907,0.712153398927,0.664835164835,0.843601190476,0.783101851852,nan
ACC_DON_GRE,2,5,6,SrelScore05,0.832270408163,0.779545454545,0.516911764706,nan,0.903698979592,0.659840425532,0.869845360825,0.701308139535,0.658138736264,0.844270833333,0.755313838498,nan
ACC_DON_GRE,2,5,6,aaScore08,0.28443877551,0.0979381443299,0.530625,nan,0.763392857143,0.609441489362,0.397551546392,0.529349284436,0.515522875817,0.576041666667,0.715200617284,nan
ACC_DON_GRE,1.5,5,6,Srel,0.566964285714,0.786363636364,0.490651260504,nan,0.945153061224,0.605053191489,0.800257731959,0.655545617174,0.603365384615,0.77806712963,0.69496409675,nan
ACC_DON_GRE,1.5,5,6,Tanimoto,0.566964285714,0.786363636364,0.490651260504,nan,0.945153061224,0.605053191489,0.800257731959,0.655545617174,0.603365384615,0.77806712963,0.69496409675,nan
ACC_DON_GRE,1.5,5,6,SrelScore08,0.607142857143,0.795454545455,0.486554621849,nan,0.93431122449,0.640425531915,0.796391752577,0.665865384615,0.608173076923,0.788483796296,0.691353300579,nan
ACC_DON_GRE,3,5,6,aaScore08,0.557397959184,0.243902439024,0.506578947368,nan,0.637777479413,0.538563829787,0.302835051546,0.489723557692,0.451923076923,0.484367913832,0.688797556059,nan
ACC_DON_GRE,1.5,5,6,SrelScore05,0.668367346939,0.842783505155,0.54125,nan,0.90306122449,0.690691489362,0.756443298969,0.662231663685,0.587912087912,0.805456349206,0.679641439909,nan
ACC_DON_GRE,1.5,5,6,aaScore08,0.130102040816,0.680412371134,0.468067226891,nan,0.720663265306,0.533111702128,0.486469072165,0.541927549195,0.462826797386,0.602521494709,0.672839506173,nan
ACC_DON_GRE,2.5,5,6,aaScore08,0.794005102041,0.389175257732,0.51512605042,nan,0.735969387755,0.492420212766,0.427835051546,0.492229427549,0.555460164835,0.491158234127,0.672530864198,nan
ACC_DON_GRE,3,5,6,aaScore05,0.520408163265,0.115853658537,0.472039473684,nan,0.624246628476,0.540159574468,0.248711340206,0.459414132379,0.46926510989,0.460714285714,0.670524691358,nan
ACC_DON_GRE,3.5,5,6,aaScore08,0.580357142857,0.14375,0.491554054054,nan,0.717913229121,0.535106382979,0.481958762887,0.538461538462,0.527815934066,0.456923185941,0.661561476442,nan
ACC_DON_GRE,2,5,6,aaScore05,0.100765306122,0.0850515463918,0.509375,nan,0.742984693878,0.619946808511,0.405133928571,0.517805439608,0.523692810458,0.531405009921,0.661219135802,nan
ACC_DON_GRE,3.5,5,6,aaScore05,0.466836734694,0.1875,0.448529411765,nan,0.70784936315,0.536170212766,0.421391752577,0.501229874776,0.493055555556,0.424808673469,0.648034769463,nan
ACC_DON_GRE,1.5,5,6,aaScore05,0.0548469387755,0.524484536082,0.471218487395,nan,0.755739795918,0.495079787234,0.501932989691,0.512578264758,0.481627747253,0.559920634921,0.63649691358,nan
ACC_DON_GRE,2.5,5,6,aaScore05,0.572704081633,0.346649484536,0.492121848739,nan,0.751275510204,0.504388297872,0.378221649485,0.47137745975,0.57967032967,0.467245775058,0.636377314815,nan
ACC_DON_GRE,1.5,5,6,GO,0.816964285714,0.594072164948,0.580676020408,nan,0.357780612245,0.634707446809,0.529545454545,0.54897137746,0.486950549451,0.62371031746,0.527932098765,nan
ACC_DON_GRE,3,5,6,GO,0.614795918367,0.60824742268,0.597861842105,nan,0.509066565223,0.456425031824,0.782216494845,0.594644454383,0.50472972973,0.634672619048,0.52600308642,nan
ACC_DON_GRE,2.5,5,6,GO,0.861607142857,0.748711340206,0.5884375,nan,0.382653061224,0.501462765957,0.656572164948,0.575190071556,0.466503267974,0.590823412698,0.508024691358,nan
ACC_DON_GRE,3.5,5,6,GO,0.755102040816,0.664948453608,0.625,nan,0.395693117673,0.526562784143,0.778350515464,0.604005478533,0.547297297297,0.603521825397,0.499614197531,nan
ACC_DON_GRE,2,5,6,GO,0.978954081633,0.818943298969,0.548424369748,nan,0.44387755102,0.467154255319,0.530133928571,0.545058139535,0.492445054945,0.593337391775,0.488283179012,nan
ACC_DON_GRE,3.5,5,6,RMSD,0.383928571429,0.875,0.477796052632,nan,0.286691272254,0.459308510638,0.49162371134,0.460029069767,0.463083791209,0.527976190476,0.340090388007,nan
ACC_DON_GRE,1.5,5,6,RMSD,0.780612244898,0.3125,0.515441176471,nan,0.3125,0.408111702128,0.511597938144,0.457177996422,0.553513071895,0.382093253968,0.325462962963,nan
ACC_DON_GRE,3,5,6,RMSD,0.423469387755,0.631097560976,0.481085526316,nan,0.340229293472,0.458776595745,0.655283505155,0.478890876565,0.544299450549,0.497328514739,0.319324766944,nan
ACC_DON_GRE,2.5,5,6,RMSD,0.146045918367,0.591494845361,0.48518907563,nan,0.267219387755,0.500531914894,0.567010309278,0.496422182469,0.460851648352,0.491369047619,0.31674382716,nan
ACC_DON_GRE,2,5,6,RMSD,0.589285714286,0.885309278351,0.4703125,nan,0.248086734694,0.401595744681,0.561855670103,0.463998211091,0.48643543956,0.415379050926,0.294444444444,nan
ACC_DON_GRE,2,5,6,SOScore05,0.463647959184,0.666881443299,0.391071428571,nan,0.404974489796,0.443085106383,0.595982142857,0.354427549195,0.301682692308,0.423753720238,0.181018518519,nan
ACC_DON_GRE,2,5,6,SOScore08,0.283801020408,0.634664948454,0.370216836735,nan,0.417729591837,0.444680851064,0.600446428571,0.336314847943,0.302696078431,0.394289434524,0.155864197531,nan
ACC_DON_GRE,3,5,6,SOScore05,0.191964285714,0.676829268293,0.362664473684,nan,0.355561522855,0.33710106383,0.70618556701,0.317276596042,0.314189189189,0.42358276644,0.154089506173,nan
ACC_DON_GRE,2.5,5,6,SOScore05,0.320790816327,0.825386597938,0.375,nan,0.438775510204,0.360638297872,0.636160714286,0.335476296959,0.321256868132,0.370659722222,0.151388888889,nan
ACC_DON_GRE,2,5,6,SO,0.220025510204,0.625644329897,0.372767857143,nan,0.431760204082,0.439228723404,0.607142857143,0.330500894454,0.303104575163,0.380935470779,0.151080246914,nan
ACC_DON_GRE,1.5,5,6,SOScore05,0.43112244898,0.755798969072,0.410084033613,nan,0.456632653061,0.459441489362,0.534793814433,0.370751341682,0.275412087912,0.392162698413,0.14799382716,nan
ACC_DON_GRE,2.5,5,6,SO,0.21875,0.755154639175,0.359056122449,nan,0.475765306122,0.391489361702,0.60824742268,0.298356440072,0.327781593407,0.359676434676,0.147145061728,nan
ACC_DON_GRE,2.5,5,6,SOScore08,0.240433673469,0.782860824742,0.362882653061,nan,0.47193877551,0.381382978723,0.617268041237,0.307133273703,0.327438186813,0.366492882118,0.145524691358,nan
ACC_DON_GRE,3.5,5,6,SOScore05,0.276785714286,0.865853658537,0.340460526316,nan,0.319614814011,0.348271276596,0.822809278351,0.30103980322,0.360233516484,0.375630668934,0.145061728395,nan
ACC_DON_GRE,3,5,6,SOScore08,0.171556122449,0.673969072165,0.305098684211,nan,0.381101563432,0.356515957447,0.663015463918,0.309107711874,0.330405405405,0.392857142857,0.144521604938,nan
ACC_DON_GRE,3,5,6,SO,0.155612244898,0.672036082474,0.297697368421,nan,0.38093000358,0.36329787234,0.639175257732,0.30154013864,0.335135135135,0.379804421769,0.143055555556,nan
ACC_DON_GRE,3.5,5,6,SOScore08,0.223214285714,0.768292682927,0.30987394958,nan,0.348173577942,0.357845744681,0.757731958763,0.274877012522,0.328378378378,0.354081632653,0.129398148148,nan
ACC_DON_GRE,3.5,5,6,SO,0.211734693878,0.737804878049,0.302100840336,nan,0.339245006513,0.359973404255,0.721649484536,0.266994633274,0.29527027027,0.352040816327,0.126080246914,nan
ACC_DON_GRE,1.5,5,6,SO,0.21237244898,0.731958762887,0.376275510204,nan,0.517219387755,0.414760638298,0.547727272727,0.348222271914,0.276957417582,0.355923445767,0.122584876543,nan
ACC_DON_GRE,1.5,5,6,SOScore08,0.292091836735,0.746778350515,0.384566326531,nan,0.497448979592,0.423404255319,0.551546391753,0.348222271914,0.281936813187,0.365558862434,0.122241512346,nan
CA_ACC_DON_GRE,3.5,5,6,SrelScore08,0.963010204082,0.747422680412,0.661029411765,0.903782894737,0.804846938776,0.698936170213,0.978092783505,0.684984347048,0.659684065934,0.903918650794,0.822685185185,0.802581212041
CA_ACC_DON_GRE,3.5,5,6,SrelScore05,0.980867346939,0.740979381443,0.665336134454,0.905797697368,0.790816326531,0.709840425532,0.979381443299,0.692810822898,0.657967032967,0.897966269841,0.805401234568,0.802469465076
CA_ACC_DON_GRE,3.5,5,6,Srel,0.954081632653,0.753221649485,0.650945378151,0.900041118421,0.808673469388,0.696409574468,0.976804123711,0.67866726297,0.656936813187,0.903571428571,0.82962962963,0.800816552785
CA_ACC_DON_GRE,3.5,5,6,Tanimoto,0.954081632653,0.753221649485,0.650945378151,0.900041118421,0.808673469388,0.696409574468,0.976804123711,0.67866726297,0.656936813187,0.903571428571,0.82962962963,0.800816552785
CA_ACC_DON_GRE,3,5,6,SrelScore05,0.940051020408,0.774484536082,0.665021008403,0.904358552632,0.660714285714,0.670877659574,0.974871134021,0.690239266547,0.633585164835,0.899255952381,0.810416666667,0.783988658842
CA_ACC_DON_GRE,3,5,6,SrelScore08,0.924744897959,0.760309278351,0.666386554622,0.909046052632,0.683673469388,0.665691489362,0.975515463918,0.674809928444,0.635302197802,0.899206349206,0.807561728395,0.782022491825
CA_ACC_DON_GRE,2.5,5,6,SrelScore05,0.93112244898,0.884020618557,0.623739495798,0.898190789474,0.80612244898,0.61329787234,0.917525773196,0.665809481216,0.64217032967,0.876537698413,0.73649691358,0.781366715473
CA_ACC_DON_GRE,3,5,6,Srel,0.920918367347,0.753865979381,0.659978991597,0.905879934211,0.690051020408,0.65625,0.97293814433,0.666815742397,0.628434065934,0.897222222222,0.803395061728,0.777795411778
CA_ACC_DON_GRE,3,5,6,Tanimoto,0.920918367347,0.753865979381,0.659978991597,0.905879934211,0.690051020408,0.65625,0.97293814433,0.666815742397,0.628434065934,0.897222222222,0.803395061728,0.777795411778
CA_ACC_DON_GRE,2.5,5,6,SrelScore08,0.906887755102,0.769329896907,0.626365546218,0.900945723684,0.804846938776,0.608111702128,0.91881443299,0.671902951699,0.644917582418,0.877182539683,0.761728395062,0.771912133151
CA_ACC_DON_GRE,2.5,5,6,Srel,0.887755102041,0.762886597938,0.621008403361,0.900411184211,0.801020408163,0.607978723404,0.920103092784,0.677437388193,0.650412087912,0.876785714286,0.764351851852,0.77001368674
CA_ACC_DON_GRE,2.5,5,6,Tanimoto,0.887755102041,0.762886597938,0.621008403361,0.900411184211,0.801020408163,0.607978723404,0.920103092784,0.677437388193,0.650412087912,0.876785714286,0.764351851852,0.77001368674
CA_ACC_DON_GRE,2,5,6,Srel,0.90306122449,0.818298969072,0.617016806723,0.896998355263,0.65943877551,0.614494680851,0.871134020619,0.636907423971,0.668440934066,0.852628968254,0.763734567901,0.754741338793
CA_ACC_DON_GRE,2,5,6,Tanimoto,0.90306122449,0.818298969072,0.617016806723,0.896998355263,0.65943877551,0.614494680851,0.871134020619,0.636907423971,0.668440934066,0.852628968254,0.763734567901,0.754741338793
CA_ACC_DON_GRE,2,5,6,SrelScore08,0.913265306122,0.813144329897,0.617857142857,0.894695723684,0.654336734694,0.610904255319,0.869845360825,0.636572003578,0.655563186813,0.856696428571,0.765432098765,0.753482961011
CA_ACC_DON_GRE,1.5,5,6,SrelScore08,0.828443877551,0.911082474227,0.596638655462,0.896916118421,0.834183673469,0.628856382979,0.89175257732,0.619130143113,0.663804945055,0.780704365079,0.611728395062,0.751203782522
CA_ACC_DON_GRE,1.5,5,6,Srel,0.804209183673,0.895618556701,0.594222689076,0.8921875,0.830357142857,0.648936170213,0.905927835052,0.612924865832,0.674450549451,0.778571428571,0.615586419753,0.750272031016
CA_ACC_DON_GRE,1.5,5,6,Tanimoto,0.804209183673,0.895618556701,0.594222689076,0.8921875,0.830357142857,0.648936170213,0.905927835052,0.612924865832,0.674450549451,0.778571428571,0.615586419753,0.750272031016
CA_ACC_DON_GRE,1.5,5,6,SrelScore05,0.883928571429,0.926546391753,0.591701680672,0.898725328947,0.839285714286,0.58829787234,0.846649484536,0.616055456172,0.642513736264,0.793005952381,0.59475308642,0.747405752291
CA_ACC_DON_GRE,2,5,6,SrelScore05,0.938775510204,0.819587628866,0.613550420168,0.879235197368,0.605867346939,0.595744680851,0.847293814433,0.652504472272,0.649381868132,0.84191468254,0.739043209877,0.743899893786
CA_GRE,3.5,5,6,SrelScore05,0.972576530612,0.90206185567,0.648214285714,0.545476973684,0.526147959184,0.576728723404,0.97293814433,0.671008497317,0.619162087912,0.892509920635,0.730169753086,0.732454066504
CA_GRE,2.5,5,6,SrelScore05,0.966836734694,0.794458762887,0.592121848739,0.604646381579,0.625637755102,0.55585106383,0.978092783505,0.684816636852,0.675824175824,0.886061507937,0.649922839506,0.728570044587
CA_GRE,3.5,5,6,SrelScore08,0.975765306122,0.872422680412,0.620798319328,0.546998355263,0.485331632653,0.576329787234,0.97293814433,0.685878801431,0.654532967033,0.895337301587,0.727700617284,0.728548537516
CA_GRE,3.5,5,6,Srel,0.979591836735,0.855670103093,0.603256302521,0.545148026316,0.472576530612,0.575664893617,0.976804123711,0.691916368515,0.667925824176,0.899206349206,0.726157407407,0.726719796901
CA_GRE,3.5,5,6,Tanimoto,0.979591836735,0.855670103093,0.603256302521,0.545148026316,0.472576530612,0.575664893617,0.976804123711,0.691916368515,0.667925824176,0.899206349206,0.726157407407,0.726719796901
CA_GRE,2,5,6,SrelScore08,0.951530612245,0.813144329897,0.534348739496,0.621587171053,0.790816326531,0.579122340426,0.931701030928,0.634615384615,0.701751373626,0.84246031746,0.588811728395,0.726353577697
CA_GRE,2.5,5,6,SrelScore08,0.966836734694,0.759020618557,0.570378151261,0.593133223684,0.589923469388,0.591223404255,0.974226804124,0.673468246869,0.70260989011,0.900248015873,0.651234567901,0.724754829701
CA_GRE,3,5,6,SrelScore05,0.955357142857,0.878865979381,0.633613445378,0.564679276316,0.507653061224,0.578856382979,0.961340206186,0.677046064401,0.664663461538,0.875446428571,0.674228395062,0.724704531263
CA_GRE,2,5,6,SrelScore05,0.934948979592,0.806701030928,0.556722689076,0.628330592105,0.831632653061,0.575930851064,0.930412371134,0.631596601073,0.67290521978,0.831398809524,0.561419753086,0.723818140948
CA_GRE,2,5,6,Srel,0.953443877551,0.811211340206,0.523844537815,0.617310855263,0.770408163265,0.576861702128,0.921391752577,0.636292486583,0.711195054945,0.83878968254,0.593132716049,0.723080197175
CA_GRE,2,5,6,Tanimoto,0.953443877551,0.811211340206,0.523844537815,0.617310855263,0.770408163265,0.576861702128,0.921391752577,0.636292486583,0.711195054945,0.83878968254,0.593132716049,0.723080197175
CA_GRE,3,5,6,Srel,0.947066326531,0.829896907216,0.581092436975,0.5625,0.489158163265,0.588031914894,0.962628865979,0.70622763864,0.684752747253,0.897470238095,0.675077160494,0.720354763577
CA_GRE,3,5,6,Tanimoto,0.947066326531,0.829896907216,0.581092436975,0.5625,0.489158163265,0.588031914894,0.962628865979,0.70622763864,0.684752747253,0.897470238095,0.675077160494,0.720354763577
CA_GRE,3,5,6,SrelScore08,0.954081632653,0.849226804124,0.578046218487,0.564555921053,0.485331632653,0.582712765957,0.960051546392,0.701140429338,0.677541208791,0.893948412698,0.677160493827,0.720345187816
CA_GRE,2.5,5,6,Srel,0.959821428571,0.738402061856,0.568907563025,0.589720394737,0.575255102041,0.589361702128,0.971649484536,0.662455277281,0.701923076923,0.90128968254,0.646913580247,0.718699941262
CA_GRE,2.5,5,6,Tanimoto,0.959821428571,0.738402061856,0.568907563025,0.589720394737,0.575255102041,0.589361702128,0.971649484536,0.662455277281,0.701923076923,0.90128968254,0.646913580247,0.718699941262
CA_GRE,1.5,5,6,Srel,0.850765306122,0.920103092784,0.523319327731,0.644407894737,0.704081632653,0.626462765957,0.890463917526,0.652560375671,0.752232142857,0.763492063492,0.503163580247,0.711913827252
CA_GRE,1.5,5,6,Tanimoto,0.850765306122,0.920103092784,0.523319327731,0.644407894737,0.704081632653,0.626462765957,0.890463917526,0.652560375671,0.752232142857,0.763492063492,0.503163580247,0.711913827252
CA_GRE,1.5,5,6,SrelScore08,0.844387755102,0.916237113402,0.516176470588,0.645065789474,0.691326530612,0.639095744681,0.886597938144,0.645907871199,0.731799450549,0.759722222222,0.503472222222,0.707253555291
ACC_DON,2.5,5,6,SrelScore08,0.84056122449,0.784149484536,0.614180672269,0.932976973684,0.760204081633,0.700531914894,0.534149484536,0.615272808587,0.541208791209,0.658680555556,0.769135802469,0.704641072169
ACC_DON,1.5,5,6,SrelScore05,0.910714285714,0.776417525773,0.584978991597,0.882319078947,0.676658163265,0.66914893617,0.732603092784,0.570717799642,0.639938186813,0.624007936508,0.665663580247,0.703015234315
ACC_DON,2.5,5,6,Srel,0.845025510204,0.751932989691,0.618067226891,0.932976973684,0.773596938776,0.701329787234,0.515463917526,0.613483899821,0.541380494505,0.662003968254,0.76975308642,0.702274072091
ACC_DON,2.5,5,6,Tanimoto,0.845025510204,0.751932989691,0.618067226891,0.932976973684,0.773596938776,0.701329787234,0.515463917526,0.613483899821,0.541380494505,0.662003968254,0.76975308642,0.702274072091
ACC_DON,2.5,5,6,SrelScore05,0.778698979592,0.83118556701,0.586974789916,0.920847039474,0.711734693878,0.694015957447,0.574097938144,0.615887745975,0.551167582418,0.655902777778,0.755092592593,0.697782333111
ACC_DON,3,5,6,SrelScore05,0.61862244898,0.820231958763,0.629411764706,0.924465460526,0.874362244898,0.629787234043,0.515463917526,0.623155187835,0.551682692308,0.688244047619,0.784413580247,0.696349139768
CA_GRE,1.5,5,6,SrelScore05,0.826530612245,0.890463917526,0.541596638655,0.63984375,0.714285714286,0.645877659574,0.833762886598,0.617508944544,0.687671703297,0.739285714286,0.515200617284,0.695638923481
ACC_DON,1.5,5,6,SrelScore08,0.88137755102,0.682989690722,0.57268907563,0.91171875,0.704081632653,0.671276595745,0.745489690722,0.548300536673,0.612637362637,0.596626984127,0.694367283951,0.692868650353
ACC_DON,3,5,6,SrelScore08,0.655612244898,0.768041237113,0.638865546218,0.933881578947,0.834821428571,0.631382978723,0.459407216495,0.63126118068,0.532451923077,0.685416666667,0.790740740741,0.687443885648
ACC_DON,1.5,5,6,Srel,0.862244897959,0.632731958763,0.558298319328,0.913034539474,0.720663265306,0.66875,0.73131443299,0.537231663685,0.597184065934,0.587053571429,0.701697530864,0.682745840521
ACC_DON,1.5,5,6,Tanimoto,0.862244897959,0.632731958763,0.558298319328,0.913034539474,0.720663265306,0.66875,0.73131443299,0.537231663685,0.597184065934,0.587053571429,0.701697530864,0.682745840521
ACC_DON,2,5,6,SrelScore05,0.832908163265,0.787371134021,0.605147058824,0.9015625,0.722576530612,0.642553191489,0.498711340206,0.590954830054,0.534684065934,0.65431547619,0.738580246914,0.68266950341
ACC_DON,3,5,6,Srel,0.656887755102,0.735180412371,0.626365546218,0.932236842105,0.81887755102,0.638696808511,0.438144329897,0.634671288014,0.539835164835,0.681845238095,0.792592592593,0.68139395716
ACC_DON,3,5,6,Tanimoto,0.656887755102,0.735180412371,0.626365546218,0.932236842105,0.81887755102,0.638696808511,0.438144329897,0.634671288014,0.539835164835,0.681845238095,0.792592592593,0.68139395716
CA_ACC_DON,3.5,5,6,SrelScore05,0.520408163265,0.734536082474,0.658613445378,0.866282894737,0.619897959184,0.729920212766,0.581829896907,0.664355992844,0.578296703297,0.682192460317,0.82600308642,0.678394263417
ACC_DON,3.5,5,6,SrelScore05,0.459821428571,0.685567010309,0.685714285714,0.931620065789,0.862244897959,0.688430851064,0.413015463918,0.628577817531,0.564732142857,0.671428571429,0.818364197531,0.673592430243
ACC_DON,2,5,6,SrelScore08,0.799744897959,0.734536082474,0.581722689076,0.912787828947,0.762755102041,0.652659574468,0.427190721649,0.596992397138,0.526270604396,0.655555555556,0.754012345679,0.673111618126
CA_ACC_DON,3.5,5,6,SrelScore08,0.479591836735,0.652706185567,0.664390756303,0.872697368421,0.658163265306,0.71954787234,0.583762886598,0.638360912343,0.588598901099,0.66121031746,0.828703703704,0.667975818716
CA_ACC_DON,3,5,6,SrelScore05,0.262755102041,0.782216494845,0.664705882353,0.869202302632,0.808673469388,0.728191489362,0.532216494845,0.645125223614,0.553399725275,0.688392857143,0.791203703704,0.666007522291
ACC_DON,2,5,6,Srel,0.764030612245,0.704896907216,0.576785714286,0.915995065789,0.779336734694,0.664228723404,0.389819587629,0.595538908766,0.51717032967,0.645932539683,0.752391975309,0.664193372608
ACC_DON,2,5,6,Tanimoto,0.764030612245,0.704896907216,0.576785714286,0.915995065789,0.779336734694,0.664228723404,0.389819587629,0.595538908766,0.51717032967,0.645932539683,0.752391975309,0.664193372608
CA_ACC_DON,3.5,5,6,Srel,0.450892857143,0.60824742268,0.661974789916,0.867064144737,0.683035714286,0.707579787234,0.590206185567,0.638360912343,0.591517857143,0.650744047619,0.833333333333,0.662087004727
CA_ACC_DON,3.5,5,6,Tanimoto,0.450892857143,0.60824742268,0.661974789916,0.867064144737,0.683035714286,0.707579787234,0.590206185567,0.638360912343,0.591517857143,0.650744047619,0.833333333333,0.662087004727
CA_ACC_DON,2,5,6,Srel,0.647959183673,0.780927835052,0.614495798319,0.855674342105,0.640306122449,0.662367021277,0.606958762887,0.553164132379,0.551854395604,0.638591269841,0.730324074074,0.662056630696
CA_ACC_DON,2,5,6,Tanimoto,0.647959183673,0.780927835052,0.614495798319,0.855674342105,0.640306122449,0.662367021277,0.606958762887,0.553164132379,0.551854395604,0.638591269841,0.730324074074,0.662056630696
ACC_DON,3.5,5,6,SrelScore08,0.429846938776,0.710695876289,0.657773109244,0.939720394737,0.826530612245,0.669946808511,0.361469072165,0.625223613596,0.557692307692,0.667956349206,0.833796296296,0.661877398069
CA_ACC_DON,2,5,6,SrelScore08,0.692602040816,0.787371134021,0.614390756303,0.859333881579,0.589285714286,0.674734042553,0.596649484536,0.56143783542,0.540865384615,0.648363095238,0.712577160494,0.66160095726
CA_ACC_DON,2,5,6,SrelScore05,0.788265306122,0.771907216495,0.605357142857,0.850493421053,0.522959183673,0.70079787234,0.618556701031,0.576643559928,0.514766483516,0.657589285714,0.668981481481,0.66148342311
CA_ACC_DON,2.5,5,6,SrelScore05,0.622448979592,0.650773195876,0.634243697479,0.859457236842,0.636479591837,0.684840425532,0.568298969072,0.632491055456,0.486092032967,0.680406746032,0.788271604938,0.658527594148
CA_ACC_DON,3,5,6,SrelScore08,0.190051020408,0.737757731959,0.645798319328,0.865501644737,0.853316326531,0.729255319149,0.565721649485,0.624049642218,0.540865384615,0.675248015873,0.806867283951,0.657675667114
ACC_DON,3.5,5,6,Srel,0.408801020408,0.728737113402,0.64275210084,0.935608552632,0.806760204082,0.658909574468,0.35631443299,0.620751341682,0.56095467033,0.654166666667,0.834259259259,0.65527408516
ACC_DON,3.5,5,6,Tanimoto,0.408801020408,0.728737113402,0.64275210084,0.935608552632,0.806760204082,0.658909574468,0.35631443299,0.620751341682,0.56095467033,0.654166666667,0.834259259259,0.65527408516
CA_ACC_DON,3,5,6,Srel,0.176020408163,0.690721649485,0.639915966387,0.864021381579,0.872448979592,0.724867021277,0.5625,0.617005813953,0.548592032967,0.668601190476,0.810339506173,0.652275813641
CA_ACC_DON,3,5,6,Tanimoto,0.176020408163,0.690721649485,0.639915966387,0.864021381579,0.872448979592,0.724867021277,0.5625,0.617005813953,0.548592032967,0.668601190476,0.810339506173,0.652275813641
CA_ACC_DON,1.5,5,6,SrelScore05,0.813137755102,0.561211340206,0.588340336134,0.846751644737,0.607142857143,0.673271276596,0.768041237113,0.581730769231,0.549278846154,0.591220238095,0.553317901235,0.648494927431
CA_ACC_DON,2.5,5,6,SrelScore08,0.455357142857,0.596005154639,0.644537815126,0.868421052632,0.720663265306,0.698537234043,0.51675257732,0.615664132379,0.53228021978,0.66681547619,0.79837962963,0.646673972718
CA_ACC_DON,1.5,5,6,SrelScore08,0.750637755102,0.548324742268,0.613550420168,0.858182565789,0.59693877551,0.645212765957,0.759020618557,0.585252683363,0.559409340659,0.590773809524,0.582793209877,0.644554244252
CA_ACC_DON,2.5,5,6,Srel,0.391581632653,0.569587628866,0.641386554622,0.868297697368,0.752551020408,0.697739361702,0.5,0.60521019678,0.552541208791,0.666021825397,0.800462962963,0.64048909905
CA_ACC_DON,2.5,5,6,Tanimoto,0.391581632653,0.569587628866,0.641386554622,0.868297697368,0.752551020408,0.697739361702,0.5,0.60521019678,0.552541208791,0.666021825397,0.800462962963,0.64048909905
CA_ACC_DON,1.5,5,6,Srel,0.731505102041,0.544458762887,0.621113445378,0.847738486842,0.595663265306,0.625664893617,0.759020618557,0.568872987478,0.566277472527,0.572619047619,0.58287037037,0.637800404784
CA_ACC_DON,1.5,5,6,Tanimoto,0.731505102041,0.544458762887,0.621113445378,0.847738486842,0.595663265306,0.625664893617,0.759020618557,0.568872987478,0.566277472527,0.572619047619,0.58287037037,0.637800404784
CA_ACC_DON_GRE,3.5,5,6,GO,0.941964285714,0.611469072165,0.580882352941,0.539185855263,0.500637755102,0.551329787234,0.708762886598,0.517050536673,0.525927197802,0.561904761905,0.407407407407,0.586047445346
CA_GRE,1.5,5,6,aaScore08,0.68112244898,0.550257731959,0.59768907563,0.216858552632,0.554209183673,0.523271276596,0.827319587629,0.555400268336,0.465315934066,0.744990079365,0.718595679012,0.585002710716
ACC_DON,1.5,5,6,GO,0.783163265306,0.766108247423,0.555777310924,0.513692434211,0.467474489796,0.632978723404,0.561211340206,0.558530858676,0.550309065934,0.538442460317,0.504320987654,0.584728107623
CA_GRE,1.5,5,6,aaScore05,0.696428571429,0.564432989691,0.588655462185,0.217680921053,0.545280612245,0.522473404255,0.792525773196,0.558978085868,0.491071428571,0.736061507937,0.717206790123,0.584617776959
ACC_DON,3,5,6,GO,0.53443877551,0.693943298969,0.584663865546,0.506496710526,0.823979591837,0.576462765957,0.585695876289,0.568481663685,0.419471153846,0.598263888889,0.519212962963,0.582828232183
ACC_DON,3.5,5,6,GO,0.533801020408,0.573453608247,0.593277310924,0.544819078947,0.796556122449,0.601063829787,0.572809278351,0.53387745975,0.512877747253,0.56056547619,0.539814814815,0.578446886102
CA_ACC_DON_GRE,3,5,6,GO,0.869897959184,0.702963917526,0.566491596639,0.544819078947,0.40306122449,0.501063829787,0.614690721649,0.552661001789,0.474759615385,0.577331349206,0.508719135802,0.574223584582
ACC_DON,2,5,6,GO,0.863520408163,0.717139175258,0.595168067227,0.509991776316,0.345025510204,0.477260638298,0.63337628866,0.526330500894,0.520604395604,0.559871031746,0.555555555556,0.573076667993
CA_ACC_DON_GRE,2.5,5,6,GO,0.920918367347,0.655927835052,0.543277310924,0.539638157895,0.578443877551,0.466489361702,0.588917525773,0.515373434705,0.470123626374,0.5875,0.431867283951,0.572588798298
CA_ACC_DON_GRE,2,5,6,GO,0.901147959184,0.721649484536,0.555882352941,0.556003289474,0.44068877551,0.508510638298,0.521907216495,0.531138193202,0.464800824176,0.587946428571,0.495601851852,0.571388819476
CA_ACC_DON_GRE,1.5,5,6,aaScore08,0.44387755102,0.340206185567,0.563130252101,0.429111842105,0.766581632653,0.52420212766,0.798969072165,0.550033542039,0.509271978022,0.68318452381,0.653395061728,0.569269433534
CA_ACC_DON_GRE,2.5,5,6,aaScore08,0.585459183673,0.494845360825,0.535399159664,0.354975328947,0.559948979592,0.546276595745,0.73324742268,0.55523255814,0.475274725275,0.649553571429,0.712345679012,0.563868960453
CA_ACC_DON,3,5,6,GO,0.762755102041,0.586340206186,0.56481092437,0.528125,0.315051020408,0.675132978723,0.564432989691,0.593135062612,0.478708791209,0.5875,0.516203703704,0.561108707177
CA_ACC_DON,3.5,5,6,GO,0.813137755102,0.742268041237,0.525105042017,0.530139802632,0.343112244898,0.602925531915,0.502577319588,0.576531753131,0.493990384615,0.554216269841,0.487345679012,0.561031802181
CA_GRE,3.5,5,6,GO,0.505739795918,0.737757731959,0.622584033613,0.440995065789,0.766581632653,0.50545212766,0.601159793814,0.487365831843,0.473214285714,0.524900793651,0.484336419753,0.559098864761
CA_GRE,3,5,6,GO,0.642857142857,0.710695876289,0.616701680672,0.442105263158,0.605229591837,0.436569148936,0.67074742268,0.502403846154,0.50206043956,0.502380952381,0.499922839506,0.557424927639
CA_GRE,2,5,6,aaScore08,0.891581632653,0.26675257732,0.596848739496,0.183552631579,0.432397959184,0.437632978723,0.813144329897,0.547573792487,0.429773351648,0.757341269841,0.745216049383,0.554710482928
CA_ACC_DON_GRE,1.5,5,6,GO,0.940051020408,0.779639175258,0.536239495798,0.545148026316,0.638392857143,0.340292553191,0.22293814433,0.520069320215,0.482486263736,0.585416666667,0.489197530864,0.552715550357
CA_GRE,2.5,5,6,GO,0.601403061224,0.645618556701,0.562605042017,0.443256578947,0.632653061224,0.462632978723,0.737113402062,0.517665474061,0.444883241758,0.525843253968,0.494907407407,0.551689278009
CA_ACC_DON_GRE,1.5,5,6,aaScore05,0.283163265306,0.315721649485,0.553256302521,0.419161184211,0.732142857143,0.585505319149,0.850515463918,0.535442754919,0.497596153846,0.635416666667,0.64837962963,0.550572840618
ACC_DON,3.5,5,6,RMSD,0.944515306122,0.625644329897,0.390546218487,0.612911184211,0.551020408163,0.490292553191,0.681701030928,0.424754025045,0.47081043956,0.507142857143,0.333719135802,0.548459771686
CA_GRE,2.5,5,6,aaScore08,0.742346938776,0.26868556701,0.592016806723,0.141077302632,0.519132653061,0.467420212766,0.810567010309,0.541200805009,0.418440934066,0.769494047619,0.72299382716,0.544852373194
ACC_DON,3,5,6,RMSD,0.827806122449,0.705541237113,0.414495798319,0.574342105263,0.422193877551,0.516622340426,0.650773195876,0.444711538462,0.602678571429,0.494593253968,0.335570987654,0.544484457137
CA_ACC_DON,1.5,5,6,GO,0.791454081633,0.434922680412,0.507142857143,0.537376644737,0.511479591837,0.601861702128,0.560567010309,0.529237477639,0.477335164835,0.566765873016,0.452391975309,0.542775914454
CA_GRE,2,5,6,aaScore05,0.886479591837,0.265463917526,0.577731092437,0.180756578947,0.385204081633,0.465824468085,0.757731958763,0.546567531306,0.419127747253,0.738888888889,0.734567901235,0.541667614355
CA_ACC_DON,2.5,5,6,GO,0.855229591837,0.67074742268,0.506722689076,0.540254934211,0.172193877551,0.472606382979,0.586340206186,0.572283094812,0.458447802198,0.586458333333,0.509645061728,0.53917539969
ACC_DON,1.5,5,6,RMSD,0.803571428571,0.643041237113,0.42731092437,0.519654605263,0.544005102041,0.446409574468,0.85631443299,0.434033989267,0.509443681319,0.469494047619,0.274305555556,0.538871325325
CA_ACC_DON_GRE,2.5,5,6,aaScore05,0.408163265306,0.485824742268,0.52006302521,0.364720394737,0.538265306122,0.548936170213,0.703608247423,0.521522808587,0.484031593407,0.624305555556,0.710185185185,0.537238754001
CA_ACC_DON,2,5,6,GO,0.84693877551,0.58118556701,0.537394957983,0.528042763158,0.236607142857,0.659441489362,0.550902061856,0.532423971377,0.422733516484,0.543799603175,0.450385802469,0.53544142284
CA_GRE,2,5,6,GO,0.388392857143,0.515463917526,0.566071428571,0.459745065789,0.829081632653,0.512765957447,0.64368556701,0.505813953488,0.433894230769,0.543551587302,0.491049382716,0.53541050731
CA_ACC_DON_GRE,2,5,6,aaScore08,0.657525510204,0.318298969072,0.570273109244,0.369120065789,0.479591836735,0.524734042553,0.573453608247,0.544555008945,0.461023351648,0.677876984127,0.70424382716,0.534608755793
ACC_DON,2,5,6,RMSD,0.549107142857,0.601159793814,0.421953781513,0.549465460526,0.477678571429,0.479787234043,0.95618556701,0.423803667263,0.597699175824,0.482142857143,0.328240740741,0.533383999288
CA_GRE,3,5,6,aaScore08,0.622448979592,0.416881443299,0.591071428571,0.116324013158,0.563775510204,0.548138297872,0.615979381443,0.519622093023,0.420501373626,0.72693452381,0.687885802469,0.529960258824
CA_ACC_DON_GRE,3,5,6,aaScore08,0.899234693878,0.377577319588,0.551260504202,0.317557565789,0.25,0.612367021277,0.588917525773,0.459861359571,0.472699175824,0.592261904762,0.663888888889,0.525965996323
CA_ACC_DON_GRE,3.5,5,6,aaScore08,0.729591836735,0.336340206186,0.529411764706,0.29453125,0.508928571429,0.540957446809,0.518041237113,0.497652057245,0.557005494505,0.567410714286,0.698225308642,0.525281444332
CA_ACC_DON,3.5,5,6,RMSD,0.640943877551,0.262242268041,0.44474789916,0.634333881579,0.783163265306,0.550664893617,0.634020618557,0.471433363148,0.487293956044,0.479464285714,0.378163580247,0.524224717179
ACC_DON,2.5,5,6,GO,0.530612244898,0.748711340206,0.536134453782,0.514391447368,0.239795918367,0.483510638298,0.574097938144,0.534939624329,0.498798076923,0.539781746032,0.555864197531,0.523330693262
CA,3.5,5,6,SrelScore08,0.260204081633,0.466494845361,0.757773109244,0.494078947368,0.343112244898,0.700664893617,0.227448453608,0.557636404293,0.527815934066,0.638839285714,0.770910493827,0.52227079033
CA,3.5,5,6,Srel,0.260204081633,0.466494845361,0.755357142857,0.493914473684,0.343112244898,0.710771276596,0.224226804124,0.552493291592,0.51614010989,0.634275793651,0.775694444444,0.521153137157
CA,3.5,5,6,Tanimoto,0.260204081633,0.466494845361,0.755357142857,0.493914473684,0.343112244898,0.710771276596,0.224226804124,0.552493291592,0.51614010989,0.634275793651,0.775694444444,0.521153137157
CA_GRE,3.5,5,6,aaScore08,0.661989795918,0.443298969072,0.563130252101,0.122327302632,0.344387755102,0.555585106383,0.676546391753,0.485465116279,0.445054945055,0.683234126984,0.749614197531,0.520966723528
CA_GRE,2.5,5,6,aaScore05,0.684948979592,0.257731958763,0.558613445378,0.135444078947,0.514668367347,0.474335106383,0.692010309278,0.540138640429,0.435096153846,0.728273809524,0.699691358025,0.520086564319
ACC_DON,1.5,5,6,SOScore05,0.625,0.70425257732,0.39275210084,0.647779605263,0.675382653061,0.536569148936,0.500644329897,0.415585867621,0.507211538462,0.461359126984,0.230709876543,0.517931529539
CA,3.5,5,6,SrelScore05,0.260204081633,0.466494845361,0.737079831933,0.482565789474,0.343112244898,0.670212765957,0.271907216495,0.547797406082,0.532108516484,0.640724206349,0.730941358025,0.516649842063
CA_GRE,3,5,6,aaScore05,0.577806122449,0.324097938144,0.546953781513,0.115254934211,0.557397959184,0.567021276596,0.632087628866,0.528454830054,0.424793956044,0.713392857143,0.688348765432,0.515964549967
ACC_DON,2.5,5,6,RMSD,0.480867346939,0.612113402062,0.401155462185,0.532565789474,0.695153061224,0.392154255319,0.701675257732,0.459302325581,0.53021978022,0.506597222222,0.349305555556,0.51464631441
CA_ACC_DON,2,5,6,aaScore08,0.139030612245,0.634664948454,0.576470588235,0.418544407895,0.549744897959,0.548005319149,0.526417525773,0.535275044723,0.401785714286,0.575992063492,0.750848765432,0.514252717058
CA_ACC_DON,1.5,5,6,aaScore08,0.130102040816,0.559278350515,0.574369747899,0.434457236842,0.581632653061,0.621409574468,0.545103092784,0.525100626118,0.438873626374,0.558630952381,0.685030864198,0.513998978678
CA,3,5,6,SrelScore08,0.260204081633,0.466494845361,0.737920168067,0.496052631579,0.343112244898,0.659175531915,0.228737113402,0.557748211091,0.532623626374,0.628125,0.730401234568,0.512781335353
CA,3,5,6,Srel,0.260204081633,0.466494845361,0.739075630252,0.496052631579,0.343112244898,0.679255319149,0.224226804124,0.546232110912,0.519230769231,0.624553571429,0.725077160494,0.511228651733
CA,3,5,6,Tanimoto,0.260204081633,0.466494845361,0.739075630252,0.496052631579,0.343112244898,0.679255319149,0.224226804124,0.546232110912,0.519230769231,0.624553571429,0.725077160494,0.511228651733
CA,2.5,5,6,Srel,0.260204081633,0.466494845361,0.708193277311,0.496546052632,0.343112244898,0.681117021277,0.231958762887,0.518112701252,0.530906593407,0.641865079365,0.739814814815,0.510756861349
CA,2.5,5,6,Tanimoto,0.260204081633,0.466494845361,0.708193277311,0.496546052632,0.343112244898,0.681117021277,0.231958762887,0.518112701252,0.530906593407,0.641865079365,0.739814814815,0.510756861349
CA,2.5,5,6,SrelScore08,0.260204081633,0.466494845361,0.69737394958,0.495559210526,0.343112244898,0.659840425532,0.242912371134,0.535330948122,0.532623626374,0.649603174603,0.73487654321,0.51072103827
CA,3,5,6,SrelScore05,0.260204081633,0.466494845361,0.710819327731,0.486101973684,0.343112244898,0.620079787234,0.289948453608,0.552940518784,0.524381868132,0.645436507937,0.715354938272,0.510443140661
CA_ACC_DON_GRE,2,5,6,aaScore05,0.468112244898,0.300257731959,0.555987394958,0.363322368421,0.473214285714,0.503324468085,0.614046391753,0.535498658318,0.491758241758,0.624751984127,0.68387345679,0.510377020617
CA,2,5,6,Srel,0.260204081633,0.466494845361,0.654831932773,0.497286184211,0.343112244898,0.662234042553,0.255798969072,0.545673076923,0.576923076923,0.62371031746,0.722685185185,0.509904905181
CA,2,5,6,Tanimoto,0.260204081633,0.466494845361,0.654831932773,0.497286184211,0.343112244898,0.662234042553,0.255798969072,0.545673076923,0.576923076923,0.62371031746,0.722685185185,0.509904905181
CA_ACC_DON,2,5,6,aaScore05,0.109693877551,0.644329896907,0.538235294118,0.410814144737,0.652423469388,0.476196808511,0.519329896907,0.524877012522,0.437328296703,0.540823412698,0.752932098765,0.509725837164
CA,2,5,6,SrelScore08,0.260204081633,0.466494845361,0.649369747899,0.495641447368,0.343112244898,0.654255319149,0.284149484536,0.544722719141,0.571771978022,0.619841269841,0.713657407407,0.509383685932
CA,2.5,5,6,SrelScore05,0.260204081633,0.466494845361,0.668907563025,0.481743421053,0.343112244898,0.623936170213,0.317010309278,0.54321332737,0.532967032967,0.655902777778,0.706790123457,0.509116536094
CA_ACC_DON_GRE,3,5,6,aaScore05,0.785714285714,0.349871134021,0.520798319328,0.316981907895,0.307397959184,0.532313829787,0.592783505155,0.447338998211,0.495535714286,0.550545634921,0.645138888889,0.504038197944
CA_ACC_DON,3,5,6,RMSD,0.880102040816,0.475515463918,0.43518907563,0.595476973684,0.25,0.427659574468,0.621134020619,0.481887298748,0.595467032967,0.438095238095,0.342206790123,0.503884864461
CA_ACC_DON,1.5,5,6,aaScore05,0.126275510204,0.525773195876,0.565651260504,0.430674342105,0.586734693878,0.573537234043,0.551546391753,0.510342128801,0.449519230769,0.539880952381,0.676697530864,0.503330224653
CA,2.5,5,6,GO,0.389030612245,0.481958762887,0.56481092437,0.448519736842,0.411989795918,0.525,0.476159793814,0.525156529517,0.486950549451,0.611805555556,0.610956790123,0.502939913702
CA_ACC_DON,2.5,5,6,RMSD,0.877551020408,0.586984536082,0.405042016807,0.604769736842,0.272321428571,0.467553191489,0.646262886598,0.468694096601,0.508070054945,0.397867063492,0.29575617284,0.502806564061
CA_GRE,3.5,5,6,aaScore05,0.65306122449,0.381443298969,0.525420168067,0.122532894737,0.31887755102,0.537632978723,0.632731958763,0.49793157424,0.459134615385,0.671031746032,0.719367283951,0.501742299489
CA,1.5,5,6,aaScore05,0.260204081633,0.466494845361,0.731302521008,0.383264802632,0.343112244898,0.634840425532,0.228737113402,0.529796511628,0.497767857143,0.620982142857,0.799382716049,0.499625932922
CA_ACC_DON,2.5,5,6,aaScore08,0.13137755102,0.380154639175,0.593907563025,0.387870065789,0.78762755102,0.534042553191,0.359536082474,0.513864042934,0.502232142857,0.590922619048,0.711419753086,0.499359505784
CA,1.5,5,6,GO,0.405612244898,0.484536082474,0.543067226891,0.453618421053,0.423469387755,0.602127659574,0.484536082474,0.531473613596,0.453296703297,0.565277777778,0.543132716049,0.499104355985
CA,2,5,6,SrelScore05,0.260204081633,0.466494845361,0.639075630252,0.487335526316,0.343112244898,0.622872340426,0.342139175258,0.544107781753,0.508928571429,0.602728174603,0.672453703704,0.499041097785
CA_ACC_DON,2.5,5,6,aaScore05,0.126275510204,0.367268041237,0.576365546218,0.380016447368,0.879464285714,0.549734042553,0.389175257732,0.481943202147,0.51407967033,0.546875,0.677854938272,0.49900472198
CA,1.5,5,6,aaScore08,0.260204081633,0.466494845361,0.726470588235,0.38515625,0.343112244898,0.636968085106,0.232603092784,0.527783989267,0.495364010989,0.624801587302,0.789969135802,0.498993446489
CA,2,5,6,aaScore05,0.260204081633,0.466494845361,0.694117647059,0.369449013158,0.343112244898,0.650531914894,0.225515463918,0.537063953488,0.493646978022,0.656001984127,0.782407407407,0.498049593997
CA,3.5,5,6,GO,0.372448979592,0.481958762887,0.603046218487,0.449095394737,0.391581632653,0.586170212766,0.467783505155,0.488763416816,0.480769230769,0.603472222222,0.55200617284,0.497917795357
CA,2,5,6,aaScore08,0.260204081633,0.466494845361,0.694537815126,0.372779605263,0.343112244898,0.628191489362,0.226804123711,0.533933363148,0.5,0.660069444444,0.784490740741,0.497328886699
CA,2,5,6,GO,0.399234693878,0.481958762887,0.588235294118,0.460197368421,0.40943877551,0.482180851064,0.492268041237,0.539132379249,0.447802197802,0.580952380952,0.564197530864,0.495054388726
CA,3,5,6,GO,0.372448979592,0.481958762887,0.564705882353,0.449095394737,0.401785714286,0.523005319149,0.477448453608,0.482558139535,0.5,0.602380952381,0.566820987654,0.492928053289
CA,3.5,5,6,aaScore08,0.260204081633,0.466494845361,0.746218487395,0.336060855263,0.343112244898,0.683244680851,0.217139175258,0.53074686941,0.45415521978,0.611011904762,0.752854938272,0.491022118444
CA,1.5,5,6,Srel,0.260204081633,0.466494845361,0.65,0.497615131579,0.343112244898,0.647340425532,0.292525773196,0.541256708408,0.54842032967,0.568948412698,0.585030864198,0.490995347016
CA,1.5,5,6,Tanimoto,0.260204081633,0.466494845361,0.65,0.497615131579,0.343112244898,0.647340425532,0.292525773196,0.541256708408,0.54842032967,0.568948412698,0.585030864198,0.490995347016
CA,2.5,5,6,aaScore08,0.260204081633,0.466494845361,0.714705882353,0.347532894737,0.343112244898,0.604521276596,0.218427835052,0.522976296959,0.472012362637,0.637748015873,0.803858024691,0.490144887344
CA,1.5,5,6,SrelScore08,0.260204081633,0.466494845361,0.628151260504,0.492927631579,0.343112244898,0.649468085106,0.316365979381,0.538293828265,0.537087912088,0.573263888889,0.583950617284,0.489938215908
CA_ACC_DON,2,5,6,RMSD,0.860969387755,0.382731958763,0.410399159664,0.567722039474,0.494260204082,0.448670212766,0.465206185567,0.463830500894,0.606112637363,0.421279761905,0.260956790123,0.489285348941
CA_ACC_DON_GRE,3.5,5,6,aaScore05,0.488520408163,0.354381443299,0.500420168067,0.306784539474,0.519132653061,0.525,0.421391752577,0.500055903399,0.527300824176,0.538640873016,0.697839506173,0.489042551946
CA_GRE,1.5,5,6,GO,0.43431122449,0.455541237113,0.526365546218,0.443256578947,0.548469387755,0.542021276596,0.484536082474,0.470091681574,0.450206043956,0.542906746032,0.472608024691,0.488210348168
CA,3.5,5,6,aaScore05,0.260204081633,0.466494845361,0.726680672269,0.333881578947,0.343112244898,0.667686170213,0.217139175258,0.545505366726,0.465487637363,0.598115079365,0.73950617284,0.487619365897
CA,1.5,5,6,SrelScore05,0.260204081633,0.466494845361,0.607983193277,0.484375,0.343112244898,0.645744680851,0.358891752577,0.53751118068,0.508928571429,0.57003968254,0.573148148148,0.486948489218
CA,2.5,5,6,aaScore05,0.260204081633,0.466494845361,0.711554621849,0.345476973684,0.343112244898,0.611436170213,0.218427835052,0.519510286225,0.455528846154,0.61681547619,0.791589506173,0.485468262494
CA_ACC_DON,3,5,6,aaScore08,0.128826530612,0.503865979381,0.542016806723,0.373889802632,0.779336734694,0.534574468085,0.375,0.492117620751,0.396806318681,0.545882936508,0.662191358025,0.484955323281
ACC_DON,2.5,5,6,SOScore05,0.405612244898,0.783505154639,0.390651260504,0.650246710526,0.679209183673,0.519015957447,0.30412371134,0.42760509839,0.486778846154,0.447619047619,0.238811728395,0.484834449417
CA_ACC_DON,1.5,5,6,RMSD,0.878826530612,0.439432989691,0.415021008403,0.538774671053,0.4375,0.365425531915,0.450386597938,0.475793828265,0.568681318681,0.432291666667,0.321450617284,0.483962250955
CA,3,5,6,aaScore08,0.260204081633,0.466494845361,0.728151260504,0.338445723684,0.343112244898,0.637765957447,0.217139175258,0.53851744186,0.438186813187,0.612053571429,0.742206790123,0.483843445944
ACC_DON,3,5,6,SOScore05,0.260841836735,0.701030927835,0.407983193277,0.651110197368,0.893494897959,0.484840425532,0.344072164948,0.399429785331,0.433207417582,0.462648809524,0.275848765432,0.483137129229
ACC_DON,1.5,5,6,SOScore08,0.487244897959,0.626932989691,0.369012605042,0.633223684211,0.688137755102,0.501063829787,0.453608247423,0.391771019678,0.497424450549,0.449751984127,0.211882716049,0.482732198147
ACC_DON,2.5,5,6,aaScore08,0.517219387755,0.341494845361,0.600210084034,0.464432565789,0.335459183673,0.610106382979,0.294458762887,0.531026386404,0.485061813187,0.478869047619,0.647145061728,0.482316683765
CA,3,5,6,aaScore05,0.260204081633,0.466494845361,0.719117647059,0.343133223684,0.343112244898,0.652393617021,0.217139175258,0.540529964222,0.430288461538,0.600545634921,0.72299382716,0.481450247523
ACC_DON,2.5,5,6,SOScore08,0.401785714286,0.748711340206,0.371218487395,0.659950657895,0.744260204082,0.530718085106,0.287371134021,0.417430679785,0.48334478022,0.437450396825,0.208410493827,0.480968361241
ACC_DON,2,5,6,SOScore05,0.528698979592,0.67074742268,0.393592436975,0.666488486842,0.720025510204,0.48164893617,0.236469072165,0.414300089445,0.441792582418,0.467956349206,0.255324074074,0.479731267252
CA_ACC_DON_GRE,1.5,5,6,SOScore05,0.670918367347,0.76675257732,0.375525210084,0.474054276316,0.512755102041,0.423803191489,0.632087628866,0.385006708408,0.395947802198,0.424305555556,0.158487654321,0.474513097631
CA_ACC_DON_GRE,2.5,5,6,SOScore05,0.758928571429,0.710051546392,0.364600840336,0.476809210526,0.390306122449,0.400265957447,0.746778350515,0.372428443649,0.313701923077,0.493650793651,0.178549382716,0.473279194744
CA_ACC_DON,3,5,6,aaScore05,0.125,0.476804123711,0.536029411765,0.363199013158,0.793367346939,0.459175531915,0.398195876289,0.443649373882,0.435611263736,0.508978174603,0.659953703704,0.472723983609
ACC_DON,2.5,5,6,aaScore05,0.492346938776,0.264175257732,0.545168067227,0.443544407895,0.438775510204,0.604920212766,0.291237113402,0.537958407871,0.507383241758,0.472123015873,0.600385802469,0.472547088725
ACC_DON,2.5,5,6,SO,0.377551020408,0.707474226804,0.359453781513,0.658675986842,0.760204081633,0.536170212766,0.278350515464,0.415865384615,0.46668956044,0.431597222222,0.19899691358,0.471911718753
ACC_DON,1.5,5,6,SO,0.406887755102,0.623067010309,0.368697478992,0.624136513158,0.692602040816,0.496409574468,0.440721649485,0.372596153846,0.493131868132,0.441517857143,0.220061728395,0.470893602713
CA_ACC_DON_GRE,3,5,6,SOScore05,0.795280612245,0.689432989691,0.371218487395,0.471340460526,0.22512755102,0.426196808511,0.85631443299,0.359514758497,0.291037087912,0.502380952381,0.191820987654,0.470878648075
CA_ACC_DON,3.5,5,6,aaScore08,0.31887755102,0.716494845361,0.561449579832,0.341282894737,0.241071428571,0.447473404255,0.36662371134,0.518336314848,0.508585164835,0.513442460317,0.635262345679,0.4698999728
CA_ACC_DON_GRE,3.5,5,6,SOScore05,0.841836734694,0.568943298969,0.366071428571,0.440213815789,0.336096938776,0.450265957447,0.831829896907,0.342855545617,0.300480769231,0.480753968254,0.185570987654,0.467719940174
CA_ACC_DON_GRE,3,5,6,RMSD,0.0707908163265,0.61662371134,0.442226890756,0.673478618421,0.77487244898,0.357845744681,0.396907216495,0.537678890877,0.532623626374,0.388541666667,0.330632716049,0.465656576997
CA_ACC_DON,3,5,6,SOScore05,0.0765306122449,0.584407216495,0.397584033613,0.565254934211,0.899234693878,0.550265957447,0.411082474227,0.451699463327,0.443681318681,0.484226190476,0.250925925926,0.464990256411
CA_GRE,3.5,5,6,RMSD,0.364158163265,0.561855670103,0.451365546218,0.505139802632,0.685586734694,0.458510638298,0.342139175258,0.552940518784,0.584649725275,0.340674603175,0.257638888889,0.464059951508
ACC_DON,2,5,6,aaScore08,0.411352040816,0.407216494845,0.558508403361,0.446175986842,0.557397959184,0.518484042553,0.0579896907216,0.578991502683,0.40625,0.502976190476,0.656558641975,0.463809177587
ACC_DON,1.5,5,6,aaScore08,0.207908163265,0.343427835052,0.568382352941,0.479111842105,0.466836734694,0.540558510638,0.147551546392,0.557692307692,0.506696428571,0.525347222222,0.72600308642,0.460865093636
ACC_DON,3,5,6,SOScore08,0.231505102041,0.625,0.38518907563,0.670024671053,0.823341836735,0.478457446809,0.326030927835,0.382938282648,0.431662087912,0.448462301587,0.250617283951,0.459384456018
ACC_DON,2,5,6,SOScore08,0.422831632653,0.682989690722,0.361869747899,0.657894736842,0.763392857143,0.478324468085,0.164948453608,0.394901610018,0.43646978022,0.460615079365,0.224382716049,0.458965524782
CA_ACC_DON_GRE,2.5,5,6,SOScore08,0.704081632653,0.667525773196,0.342331932773,0.460690789474,0.38137755102,0.40704787234,0.746134020619,0.363427996422,0.302197802198,0.481845238095,0.186111111111,0.458433792718
CA_ACC_DON_GRE,3.5,5,6,RMSD,0.171556122449,0.66043814433,0.455357142857,0.688527960526,0.485331632653,0.449468085106,0.458118556701,0.507770572451,0.430460164835,0.421577380952,0.310030864198,0.458057875187
CA_ACC_DON_GRE,3,5,6,SOScore08,0.74681122449,0.658505154639,0.359033613445,0.448396381579,0.228954081633,0.40664893617,0.864046391753,0.346992397138,0.294642857143,0.49181547619,0.18387345679,0.457247270088
CA_ACC_DON,2.5,5,6,SOScore05,0.179846938776,0.574742268041,0.409558823529,0.569037828947,0.726403061224,0.500930851064,0.492268041237,0.448289355993,0.388907967033,0.485962301587,0.250231481481,0.456925356265
CA_ACC_DON_GRE,2,5,6,RMSD,0.275510204082,0.676546391753,0.415966386555,0.619284539474,0.52487244898,0.485239361702,0.417525773196,0.455277280859,0.543612637363,0.308283730159,0.300077160494,0.456563264965
CA_ACC_DON_GRE,2,5,6,SOScore05,0.768494897959,0.672680412371,0.360504201681,0.480057565789,0.232780612245,0.445212765957,0.697164948454,0.378242397138,0.34375,0.464037698413,0.171450617284,0.455852374299
CA_ACC_DON,3.5,5,6,SOScore05,0.224489795918,0.624355670103,0.375840336134,0.544325657895,0.74362244898,0.521941489362,0.406572164948,0.410498658318,0.43646978022,0.480654761905,0.242206790123,0.455543413992
CA_ACC_DON_GRE,1.5,5,6,SOScore08,0.538265306122,0.719072164948,0.369432773109,0.455921052632,0.5,0.456382978723,0.673324742268,0.359794275492,0.373626373626,0.403918650794,0.156558641975,0.455117905426
CA_ACC_DON,3.5,5,6,aaScore05,0.242346938776,0.605025773196,0.560084033613,0.338569078947,0.320153061224,0.430186170213,0.364690721649,0.476296958855,0.51665521978,0.489533730159,0.661882716049,0.455038582042
ACC_DON,2,5,6,SO,0.37181122449,0.686211340206,0.347268907563,0.65703125,0.78125,0.47420212766,0.169458762887,0.38908765653,0.434924450549,0.462103174603,0.222067901235,0.454128799611
CA_GRE,3,5,6,RMSD,0.36862244898,0.575386597938,0.433508403361,0.502837171053,0.47193877551,0.490292553191,0.398195876289,0.501621198569,0.609203296703,0.304761904762,0.333796296296,0.453651320241
CA_ACC_DON_GRE,2.5,5,6,SO,0.671556122449,0.639175257732,0.343802521008,0.455345394737,0.384566326531,0.410239361702,0.742268041237,0.351744186047,0.306662087912,0.475793650794,0.187962962963,0.451737810283
ACC_DON,3.5,5,6,SOScore05,0.167091836735,0.537371134021,0.418067226891,0.631907894737,0.869260204082,0.527393617021,0.274484536082,0.405690966011,0.448832417582,0.431597222222,0.256172839506,0.451624535899
CA_ACC_DON_GRE,3.5,5,6,SOScore08,0.769132653061,0.544458762887,0.349264705882,0.412911184211,0.351403061224,0.433776595745,0.83956185567,0.333407871199,0.286401098901,0.465674603175,0.181404320988,0.451581519358
CA_ACC_DON_GRE,3,5,6,SO,0.720025510204,0.644974226804,0.353046218487,0.440707236842,0.230229591837,0.401196808511,0.864690721649,0.338271466905,0.293612637363,0.488938492063,0.185108024691,0.450981903214
ACC_DON,3,5,6,SO,0.177295918367,0.592783505155,0.377521008403,0.671751644737,0.786989795918,0.474867021277,0.330541237113,0.379528175313,0.43853021978,0.444990079365,0.24475308642,0.447231971986
CA_ACC_DON,1.5,5,6,SOScore05,0.34693877551,0.422680412371,0.389600840336,0.549300986842,0.697704081633,0.514361702128,0.52706185567,0.409101073345,0.431318681319,0.433779761905,0.194444444444,0.446935692318
ACC_DON,2,5,6,aaScore05,0.357780612245,0.337628865979,0.523949579832,0.446504934211,0.591836734694,0.516356382979,0.0592783505155,0.548524150268,0.417239010989,0.49439484127,0.617052469136,0.446413266556
CA_ACC_DON,2.5,5,6,SOScore08,0.114795918367,0.505154639175,0.380357142857,0.566981907895,0.860331632653,0.483377659574,0.474226804124,0.41614490161,0.408997252747,0.464186507937,0.23487654321,0.446311900923
CA_ACC_DON,3,5,6,SOScore08,0.0586734693878,0.514819587629,0.359558823529,0.542105263158,0.926020408163,0.523005319149,0.452963917526,0.400883273703,0.426682692308,0.472470238095,0.223919753086,0.445554795067
ACC_DON,1.5,5,6,aaScore05,0.197704081633,0.315077319588,0.53718487395,0.478536184211,0.494897959184,0.467021276596,0.165592783505,0.535778175313,0.482486263736,0.515575396825,0.705478395062,0.445030246327
CA_ACC_DON_GRE,3.5,5,6,SO,0.738520408163,0.523840206186,0.332668067227,0.406907894737,0.354591836735,0.428590425532,0.838917525773,0.334302325581,0.285199175824,0.463492063492,0.181944444444,0.44445221579
ACC_DON,3,5,6,aaScore08,0.183035714286,0.249355670103,0.576260504202,0.419695723684,0.521683673469,0.483111702128,0.363402061856,0.543325134168,0.404017857143,0.473759920635,0.667824074074,0.444133821432
CA_ACC_DON_GRE,1.5,5,6,SO,0.463647959184,0.694587628866,0.361974789916,0.434580592105,0.487882653061,0.459840425532,0.697164948454,0.359514758497,0.377747252747,0.390724206349,0.156944444444,0.44405542356
ACC_DON,3.5,5,6,aaScore08,0.0605867346939,0.379510309278,0.596638655462,0.374588815789,0.402423469388,0.510372340426,0.326675257732,0.56043157424,0.524725274725,0.489186507937,0.657716049383,0.443895908096
CA_ACC_DON,2.5,5,6,SO,0.0924744897959,0.481958762887,0.368802521008,0.555838815789,0.876275510204,0.490558510638,0.487113402062,0.402280858676,0.40573489011,0.45808531746,0.233101851852,0.441111357317
CA_GRE,2,5,6,RMSD,0.139030612245,0.763530927835,0.421218487395,0.499424342105,0.59693877551,0.592686170213,0.188788659794,0.481495974955,0.611092032967,0.271031746032,0.272530864198,0.439797144841
CA_GRE,2.5,5,6,RMSD,0.255739795918,0.754510309278,0.42268907563,0.501069078947,0.516581632653,0.547074468085,0.172036082474,0.490328711986,0.62396978022,0.254365079365,0.294135802469,0.439318165184
CA_ACC_DON,3,5,6,SO,0.0535714285714,0.485824742268,0.347163865546,0.535690789474,0.941326530612,0.507180851064,0.450386597938,0.387745974955,0.42290521978,0.46810515873,0.21612654321,0.437820700195
CA,3,5,6,RMSD,0.260204081633,0.466494845361,0.491281512605,0.399465460526,0.343112244898,0.582180851064,0.378221649485,0.540026833631,0.456387362637,0.488640873016,0.399691358025,0.436882461171
CA_ACC_DON_GRE,2,5,6,SOScore08,0.677933673469,0.644329896907,0.356302521008,0.453042763158,0.249362244898,0.440159574468,0.664948453608,0.358676207513,0.336881868132,0.445833333333,0.170679012346,0.436195413531
CA_ACC_DON,2,5,6,SOScore05,0.30612244898,0.568943298969,0.399159663866,0.562911184211,0.588647959184,0.488430851064,0.378865979381,0.410834078712,0.40728021978,0.45128968254,0.231172839506,0.435787109654
CA,3.5,5,6,SOScore05,0.260204081633,0.466494845361,0.584033613445,0.406907894737,0.343112244898,0.569680851064,0.279639175258,0.478365384615,0.449519230769,0.51691468254,0.435185185185,0.4354597445
CA,2,5,6,SOScore05,0.260204081633,0.466494845361,0.51512605042,0.418914473684,0.343112244898,0.547340425532,0.342139175258,0.500223613596,0.45518543956,0.495833333333,0.440740740741,0.435028584001
CA,2.5,5,6,SOScore05,0.260204081633,0.466494845361,0.521113445378,0.420888157895,0.343112244898,0.551329787234,0.317010309278,0.481663685152,0.459478021978,0.544742063492,0.407561728395,0.433963488245
CA_ACC_DON,1.5,5,6,SOScore08,0.301020408163,0.453608247423,0.369012605042,0.545764802632,0.702806122449,0.473936170213,0.485824742268,0.396075581395,0.457074175824,0.406200396825,0.179012345679,0.433666872538
CA_ACC_DON,3.5,5,6,SOScore08,0.178571428571,0.543170103093,0.34243697479,0.522697368421,0.774234693878,0.503191489362,0.394974226804,0.393951252236,0.416552197802,0.471428571429,0.221141975309,0.432940934699
ACC_DON,3.5,5,6,SOScore08,0.116071428571,0.536082474227,0.399054621849,0.646751644737,0.80931122449,0.494946808511,0.273195876289,0.401106887299,0.440418956044,0.411259920635,0.232947530864,0.43283157941
CA_ACC_DON,1.5,5,6,SO,0.298469387755,0.497422680412,0.36481092437,0.533018092105,0.692602040816,0.454255319149,0.459407216495,0.401442307692,0.461023351648,0.390228174603,0.184336419753,0.430637810436
CA,3.5,5,6,RMSD,0.260204081633,0.466494845361,0.468697478992,0.407853618421,0.343112244898,0.529122340426,0.378221649485,0.538182021467,0.435611263736,0.499305555556,0.403780864198,0.43005326947
CA,1.5,5,6,RMSD,0.260204081633,0.466494845361,0.499474789916,0.366036184211,0.343112244898,0.615957446809,0.360180412371,0.540474060823,0.413118131868,0.517162698413,0.34537037037,0.429780478788
CA,3,5,6,SOScore05,0.260204081633,0.466494845361,0.556722689076,0.406332236842,0.343112244898,0.527925531915,0.295103092784,0.479595259392,0.4375,0.519990079365,0.425848765432,0.428984438791
CA,2.5,5,6,RMSD,0.260204081633,0.466494845361,0.49275210084,0.400534539474,0.343112244898,0.613031914894,0.376932989691,0.528454830054,0.429601648352,0.473611111111,0.331018518519,0.42870443862
CA_ACC_DON_GRE,2,5,6,SO,0.634566326531,0.634020618557,0.355987394958,0.443544407895,0.258928571429,0.434840425532,0.639175257732,0.358899821109,0.340659340659,0.440029761905,0.174305555556,0.428632498351
CA,2,5,6,SOScore08,0.260204081633,0.466494845361,0.498844537815,0.422039473684,0.343112244898,0.526595744681,0.290592783505,0.498881932021,0.481627747253,0.487847222222,0.422530864198,0.427161043388
CA,3.5,5,6,SOScore08,0.260204081633,0.466494845361,0.577941176471,0.403371710526,0.343112244898,0.574468085106,0.23131443299,0.461817978533,0.457245879121,0.51001984127,0.410956790123,0.426995187821
CA_ACC_DON,2,5,6,SOScore08,0.174107142857,0.565077319588,0.373529411765,0.569078947368,0.699617346939,0.453457446809,0.359536082474,0.41094588551,0.427541208791,0.43244047619,0.222222222222,0.42614122641
CA,1.5,5,6,SOScore05,0.260204081633,0.466494845361,0.511764705882,0.416036184211,0.343112244898,0.549734042553,0.353737113402,0.506932021467,0.446428571429,0.475,0.352700617284,0.425649493465
CA_ACC_DON,3.5,5,6,SO,0.15306122449,0.51675257732,0.330777310924,0.510444078947,0.790816326531,0.494680851064,0.397551546392,0.378689624329,0.416895604396,0.473363095238,0.21612654321,0.425378071167
CA,2,5,6,RMSD,0.260204081633,0.466494845361,0.522478991597,0.381332236842,0.343112244898,0.562765957447,0.367268041237,0.538908765653,0.420673076923,0.48318452381,0.331635802469,0.425278051624
CA,2,5,6,SO,0.260204081633,0.466494845361,0.507668067227,0.414226973684,0.343112244898,0.525265957447,0.259020618557,0.500223613596,0.478537087912,0.48814484127,0.426543209877,0.424494685587
CA_ACC_DON_GRE,2.5,5,6,RMSD,0.341198979592,0.489690721649,0.454831932773,0.641981907895,0.427933673469,0.458776595745,0.266108247423,0.437611806798,0.524381868132,0.329613095238,0.297299382716,0.424493473766
CA_ACC_DON_GRE,1.5,5,6,RMSD,0.486607142857,0.656572164948,0.430777310924,0.560896381579,0.216836734694,0.50079787234,0.219072164948,0.450805008945,0.490728021978,0.308482142857,0.344135802469,0.424155522595
ACC_DON,3.5,5,6,SO,0.0829081632653,0.526417525773,0.383298319328,0.645847039474,0.77487244898,0.483643617021,0.275128865979,0.39998881932,0.453811813187,0.403174603175,0.226466049383,0.423232478626
CA,3.5,5,6,SO,0.260204081633,0.466494845361,0.580042016807,0.400986842105,0.343112244898,0.569946808511,0.225515463918,0.455333184258,0.449862637363,0.499305555556,0.399228395062,0.422730188679
CA,2.5,5,6,SOScore08,0.260204081633,0.466494845361,0.517016806723,0.421134868421,0.343112244898,0.545478723404,0.254510309278,0.467464221825,0.46668956044,0.501339285714,0.406327160494,0.42270655529
CA_GRE,3.5,5,6,SOScore05,0.810586734694,0.724226804124,0.390021008403,0.164350328947,0.174744897959,0.284441489362,0.849871134021,0.382994186047,0.26356456044,0.413839285714,0.190354938272,0.422635942544
CA,2.5,5,6,SO,0.260204081633,0.466494845361,0.526785714286,0.425863486842,0.343112244898,0.548670212766,0.235180412371,0.468470483005,0.462396978022,0.492212301587,0.411342592593,0.421884850306
CA_ACC_DON,2,5,6,SO,0.150510204082,0.550902061856,0.35231092437,0.569325657895,0.733418367347,0.439494680851,0.349226804124,0.40362254025,0.434409340659,0.417857142857,0.22399691358,0.420461330716
CA,3,5,6,SOScore08,0.260204081633,0.466494845361,0.555567226891,0.407236842105,0.343112244898,0.548138297872,0.237757731959,0.464501341682,0.434237637363,0.496279761905,0.410725308642,0.420386847301
CA,1.5,5,6,SOScore08,0.260204081633,0.466494845361,0.491596638655,0.414391447368,0.343112244898,0.554521276596,0.321520618557,0.503242397138,0.468063186813,0.462251984127,0.328317901235,0.419428783853
CA_GRE,2.5,5,6,SOScore05,0.772321428571,0.596649484536,0.366701680672,0.209539473684,0.19068877551,0.26835106383,0.878865979381,0.411337209302,0.319196428571,0.400843253968,0.192978395062,0.418861197554
CA,3,5,6,SO,0.260204081633,0.466494845361,0.557457983193,0.407195723684,0.343112244898,0.548670212766,0.225515463918,0.465172182469,0.432348901099,0.48998015873,0.409799382716,0.418722834588
CA_GRE,3,5,6,SOScore05,0.775510204082,0.672680412371,0.390231092437,0.201973684211,0.145408163265,0.294414893617,0.83956185567,0.409101073345,0.29635989011,0.405902777778,0.174151234568,0.418663207405
CA,1.5,5,6,SO,0.260204081633,0.466494845361,0.500420168067,0.410361842105,0.343112244898,0.542287234043,0.300902061856,0.502515652952,0.480769230769,0.462946428571,0.331867283951,0.418352824928
ACC_DON,3.5,5,6,aaScore05,0.0580357142857,0.376932989691,0.551050420168,0.368379934211,0.295918367347,0.473537234043,0.349871134021,0.539635509839,0.495364010989,0.466071428571,0.612422839506,0.417019962061
CA_GRE,2,5,6,SOScore05,0.716198979592,0.588917525773,0.356512605042,0.298231907895,0.336734693878,0.321010638298,0.675902061856,0.403175313059,0.332760989011,0.370486111111,0.164737654321,0.414969861803
ACC_DON,3,5,6,aaScore05,0.191326530612,0.139819587629,0.526260504202,0.428125,0.344387755102,0.474335106383,0.40206185567,0.514423076923,0.435611263736,0.458382936508,0.648611111111,0.414849520716
CA_GRE,1.5,5,6,RMSD,0.35012755102,0.489046391753,0.425210084034,0.502672697368,0.483418367347,0.497340425532,0.166237113402,0.475458407871,0.57606456044,0.28189484127,0.305632716049,0.413918468735
CA_GRE,3.5,5,6,SOScore08,0.823341836735,0.693298969072,0.361659663866,0.155263157895,0.147959183673,0.274867021277,0.8125,0.394733899821,0.270776098901,0.40064484127,0.177314814815,0.410214498848
CA_GRE,3.5,5,6,SO,0.829081632653,0.684278350515,0.341071428571,0.158634868421,0.137755102041,0.276728723404,0.808634020619,0.400324239714,0.269402472527,0.397916666667,0.177083333333,0.40735553077
CA_GRE,2.5,5,6,SOScore08,0.763392857143,0.565721649485,0.341281512605,0.192105263158,0.177295918367,0.286835106383,0.851804123711,0.408709749553,0.311641483516,0.395386904762,0.150848765432,0.404093030374
CA_GRE,2.5,5,6,SO,0.748086734694,0.569587628866,0.335924369748,0.198314144737,0.183673469388,0.291356382979,0.836340206186,0.415753577818,0.319539835165,0.39623015873,0.148225308642,0.403911983359
CA_GRE,3,5,6,SOScore08,0.760204081633,0.634020618557,0.370168067227,0.177713815789,0.133928571429,0.28125,0.82925257732,0.414803220036,0.266483516484,0.40808531746,0.162962962963,0.403533886263
CA_GRE,2,5,6,SOScore08,0.737244897959,0.587628865979,0.338130252101,0.247121710526,0.285714285714,0.285904255319,0.700386597938,0.392274150268,0.331387362637,0.362648809524,0.143364197531,0.401073216863
CA_GRE,2,5,6,SO,0.751275510204,0.588917525773,0.337920168067,0.240008223684,0.274234693878,0.286170212766,0.708762886598,0.385174418605,0.332589285714,0.36314484127,0.13850308642,0.400609168453
CA_GRE,3,5,6,SO,0.753826530612,0.622422680412,0.361764705882,0.186883223684,0.130102040816,0.280186170213,0.820231958763,0.418325134168,0.260817307692,0.408928571429,0.1625,0.400544393061
CA_GRE,1.5,5,6,SOScore05,0.52806122449,0.67912371134,0.367857142857,0.310896381579,0.225765306122,0.404787234043,0.595360824742,0.429561717352,0.39010989011,0.315128968254,0.152160493827,0.399892081338
CA_GRE,1.5,5,6,SOScore08,0.548469387755,0.680412371134,0.361974789916,0.300740131579,0.220663265306,0.376728723404,0.630154639175,0.426598837209,0.380151098901,0.30560515873,0.126080246914,0.396143513639
CA_GRE,1.5,5,6,SO,0.540816326531,0.698453608247,0.358928571429,0.295189144737,0.219387755102,0.368617021277,0.604381443299,0.423691860465,0.367960164835,0.31001984127,0.123765432099,0.391928288117
